2025-01-02 15:02:58,400 - src.config - ERROR - ファイル処理中にエラーが発生: 必要なカラム  が見つかりません
2025-01-02 15:03:01,121 - src.config - ERROR - 必要なカラム T が見つかりません
2025-01-02 15:03:01,121 - src.config - ERROR - 必要なカラム T が見つかりません
2025-01-02 15:03:01,222 - src.config - ERROR - ファイルデータ処理中にエラーが発生: 必要なカラム T が見つかりません
2025-01-02 15:03:01,222 - src.config - ERROR - ファイルデータ処理中にエラーが発生: 必要なカラム T が見つかりません
2025-01-02 15:03:01,249 - src.config - ERROR - ファイル処理中にエラーが発生: 必要なカラム T が見つかりません
2025-01-02 15:03:01,249 - src.config - ERROR - ファイル処理中にエラーが発生: 必要なカラム T が見つかりません
2025-01-02 15:03:03,173 - src.config - ERROR - 必要なカラム Type が見つかりません
2025-01-02 15:03:03,173 - src.config - ERROR - 必要なカラム Type が見つかりません
2025-01-02 15:03:03,173 - src.config - ERROR - 必要なカラム Type が見つかりません
2025-01-02 15:03:03,246 - src.config - ERROR - ファイルデータ処理中にエラーが発生: 必要なカラム Type が見つかりません
2025-01-02 15:03:03,246 - src.config - ERROR - ファイルデータ処理中にエラーが発生: 必要なカラム Type が見つかりません
2025-01-02 15:03:03,246 - src.config - ERROR - ファイルデータ処理中にエラーが発生: 必要なカラム Type が見つかりません
2025-01-02 15:03:03,324 - src.config - ERROR - ファイル処理中にエラーが発生: 必要なカラム Type が見つかりません
2025-01-02 15:03:03,324 - src.config - ERROR - ファイル処理中にエラーが発生: 必要なカラム Type が見つかりません
2025-01-02 15:03:03,324 - src.config - ERROR - ファイル処理中にエラーが発生: 必要なカラム Type が見つかりません
2025-01-02 15:03:04,796 - src.config - ERROR - 必要なカラム Type が見つかりません
2025-01-02 15:03:04,796 - src.config - ERROR - 必要なカラム Type が見つかりません
2025-01-02 15:03:04,796 - src.config - ERROR - 必要なカラム Type が見つかりません
2025-01-02 15:03:04,796 - src.config - ERROR - 必要なカラム Type が見つかりません
2025-01-02 15:03:04,848 - src.config - ERROR - ファイルデータ処理中にエラーが発生: 必要なカラム Type が見つかりません
2025-01-02 15:03:04,848 - src.config - ERROR - ファイルデータ処理中にエラーが発生: 必要なカラム Type が見つかりません
2025-01-02 15:03:04,848 - src.config - ERROR - ファイルデータ処理中にエラーが発生: 必要なカラム Type が見つかりません
2025-01-02 15:03:04,848 - src.config - ERROR - ファイルデータ処理中にエラーが発生: 必要なカラム Type が見つかりません
2025-01-02 15:03:04,887 - src.config - ERROR - ファイル処理中にエラーが発生: 必要なカラム Type が見つかりません
2025-01-02 15:03:04,887 - src.config - ERROR - ファイル処理中にエラーが発生: 必要なカラム Type が見つかりません
2025-01-02 15:03:04,887 - src.config - ERROR - ファイル処理中にエラーが発生: 必要なカラム Type が見つかりません
2025-01-02 15:03:04,887 - src.config - ERROR - ファイル処理中にエラーが発生: 必要なカラム Type が見つかりません
2025-01-02 15:03:10,613 - src.config - ERROR - 必要なカラム Type が見つかりません
2025-01-02 15:03:10,613 - src.config - ERROR - 必要なカラム Type が見つかりません
2025-01-02 15:03:10,613 - src.config - ERROR - 必要なカラム Type が見つかりません
2025-01-02 15:03:10,613 - src.config - ERROR - 必要なカラム Type が見つかりません
2025-01-02 15:03:10,657 - src.config - ERROR - ファイルデータ処理中にエラーが発生: 必要なカラム Type が見つかりません
2025-01-02 15:03:10,657 - src.config - ERROR - ファイルデータ処理中にエラーが発生: 必要なカラム Type が見つかりません
2025-01-02 15:03:10,657 - src.config - ERROR - ファイルデータ処理中にエラーが発生: 必要なカラム Type が見つかりません
2025-01-02 15:03:10,657 - src.config - ERROR - ファイルデータ処理中にエラーが発生: 必要なカラム Type が見つかりません
2025-01-02 15:03:10,679 - src.config - ERROR - ファイル処理中にエラーが発生: 必要なカラム Type が見つかりません
2025-01-02 15:03:10,679 - src.config - ERROR - ファイル処理中にエラーが発生: 必要なカラム Type が見つかりません
2025-01-02 15:03:10,679 - src.config - ERROR - ファイル処理中にエラーが発生: 必要なカラム Type が見つかりません
2025-01-02 15:03:10,679 - src.config - ERROR - ファイル処理中にエラーが発生: 必要なカラム Type が見つかりません
2025-01-02 15:03:46,423 - src.config - ERROR - ファイルデータ処理中にエラーが発生: 'Sample type'
2025-01-02 15:03:46,423 - src.config - ERROR - ファイルデータ処理中にエラーが発生: 'Sample type'
2025-01-02 15:03:46,423 - src.config - ERROR - ファイルデータ処理中にエラーが発生: 'Sample type'
2025-01-02 15:03:46,423 - src.config - ERROR - ファイルデータ処理中にエラーが発生: 'Sample type'
2025-01-02 15:03:46,423 - src.config - ERROR - ファイルデータ処理中にエラーが発生: 'Sample type'
2025-01-02 15:03:46,513 - src.config - ERROR - アプリケーション実行中にエラーが発生: 'Sample type'
2025-01-02 15:03:46,513 - src.config - ERROR - アプリケーション実行中にエラーが発生: 'Sample type'
2025-01-02 15:03:46,513 - src.config - ERROR - アプリケーション実行中にエラーが発生: 'Sample type'
2025-01-02 15:03:46,513 - src.config - ERROR - アプリケーション実行中にエラーが発生: 'Sample type'
2025-01-02 15:03:46,513 - src.config - ERROR - アプリケーション実行中にエラーが発生: 'Sample type'
2025-01-02 15:06:04,046 - src.config - ERROR - ファイルデータ処理中にエラーが発生: 'Sample type'
2025-01-02 15:06:04,046 - src.config - ERROR - ファイルデータ処理中にエラーが発生: 'Sample type'
2025-01-02 15:06:04,046 - src.config - ERROR - ファイルデータ処理中にエラーが発生: 'Sample type'
2025-01-02 15:06:04,046 - src.config - ERROR - ファイルデータ処理中にエラーが発生: 'Sample type'
2025-01-02 15:06:04,046 - src.config - ERROR - ファイルデータ処理中にエラーが発生: 'Sample type'
2025-01-02 15:06:04,046 - src.config - ERROR - ファイルデータ処理中にエラーが発生: 'Sample type'
2025-01-02 15:06:04,536 - src.config - ERROR - アプリケーション実行中にエラーが発生: 'Sample type'
2025-01-02 15:06:04,536 - src.config - ERROR - アプリケーション実行中にエラーが発生: 'Sample type'
2025-01-02 15:06:04,536 - src.config - ERROR - アプリケーション実行中にエラーが発生: 'Sample type'
2025-01-02 15:06:04,536 - src.config - ERROR - アプリケーション実行中にエラーが発生: 'Sample type'
2025-01-02 15:06:04,536 - src.config - ERROR - アプリケーション実行中にエラーが発生: 'Sample type'
2025-01-02 15:06:04,536 - src.config - ERROR - アプリケーション実行中にエラーが発生: 'Sample type'
2025-01-02 15:06:13,161 - src.config - ERROR - ファイルデータ処理中にエラーが発生: 'Sample type'
2025-01-02 15:06:13,161 - src.config - ERROR - ファイルデータ処理中にエラーが発生: 'Sample type'
2025-01-02 15:06:13,161 - src.config - ERROR - ファイルデータ処理中にエラーが発生: 'Sample type'
2025-01-02 15:06:13,161 - src.config - ERROR - ファイルデータ処理中にエラーが発生: 'Sample type'
2025-01-02 15:06:13,161 - src.config - ERROR - ファイルデータ処理中にエラーが発生: 'Sample type'
2025-01-02 15:06:13,161 - src.config - ERROR - ファイルデータ処理中にエラーが発生: 'Sample type'
2025-01-02 15:06:13,161 - src.config - ERROR - ファイルデータ処理中にエラーが発生: 'Sample type'
2025-01-02 15:06:13,715 - src.config - ERROR - アプリケーション実行中にエラーが発生: 'Sample type'
2025-01-02 15:06:13,715 - src.config - ERROR - アプリケーション実行中にエラーが発生: 'Sample type'
2025-01-02 15:06:13,715 - src.config - ERROR - アプリケーション実行中にエラーが発生: 'Sample type'
2025-01-02 15:06:13,715 - src.config - ERROR - アプリケーション実行中にエラーが発生: 'Sample type'
2025-01-02 15:06:13,715 - src.config - ERROR - アプリケーション実行中にエラーが発生: 'Sample type'
2025-01-02 15:06:13,715 - src.config - ERROR - アプリケーション実行中にエラーが発生: 'Sample type'
2025-01-02 15:06:13,715 - src.config - ERROR - アプリケーション実行中にエラーが発生: 'Sample type'
2025-01-02 15:06:26,212 - src.config - ERROR - ファイルデータ処理中にエラーが発生: 'Sample type'
2025-01-02 15:06:26,212 - src.config - ERROR - ファイルデータ処理中にエラーが発生: 'Sample type'
2025-01-02 15:06:26,212 - src.config - ERROR - ファイルデータ処理中にエラーが発生: 'Sample type'
2025-01-02 15:06:26,212 - src.config - ERROR - ファイルデータ処理中にエラーが発生: 'Sample type'
2025-01-02 15:06:26,212 - src.config - ERROR - ファイルデータ処理中にエラーが発生: 'Sample type'
2025-01-02 15:06:26,212 - src.config - ERROR - ファイルデータ処理中にエラーが発生: 'Sample type'
2025-01-02 15:06:26,212 - src.config - ERROR - ファイルデータ処理中にエラーが発生: 'Sample type'
2025-01-02 15:06:26,212 - src.config - ERROR - ファイルデータ処理中にエラーが発生: 'Sample type'
2025-01-02 15:06:26,854 - src.config - ERROR - アプリケーション実行中にエラーが発生: 'Sample type'
2025-01-02 15:06:26,854 - src.config - ERROR - アプリケーション実行中にエラーが発生: 'Sample type'
2025-01-02 15:06:26,854 - src.config - ERROR - アプリケーション実行中にエラーが発生: 'Sample type'
2025-01-02 15:06:26,854 - src.config - ERROR - アプリケーション実行中にエラーが発生: 'Sample type'
2025-01-02 15:06:26,854 - src.config - ERROR - アプリケーション実行中にエラーが発生: 'Sample type'
2025-01-02 15:06:26,854 - src.config - ERROR - アプリケーション実行中にエラーが発生: 'Sample type'
2025-01-02 15:06:26,854 - src.config - ERROR - アプリケーション実行中にエラーが発生: 'Sample type'
2025-01-02 15:06:26,854 - src.config - ERROR - アプリケーション実行中にエラーが発生: 'Sample type'
2025-01-02 15:06:55,399 - src.config - ERROR - ファイルデータ処理中にエラーが発生: 'Sample type'
2025-01-02 15:06:55,399 - src.config - ERROR - ファイルデータ処理中にエラーが発生: 'Sample type'
2025-01-02 15:06:55,399 - src.config - ERROR - ファイルデータ処理中にエラーが発生: 'Sample type'
2025-01-02 15:06:55,399 - src.config - ERROR - ファイルデータ処理中にエラーが発生: 'Sample type'
2025-01-02 15:06:55,399 - src.config - ERROR - ファイルデータ処理中にエラーが発生: 'Sample type'
2025-01-02 15:06:55,399 - src.config - ERROR - ファイルデータ処理中にエラーが発生: 'Sample type'
2025-01-02 15:06:55,399 - src.config - ERROR - ファイルデータ処理中にエラーが発生: 'Sample type'
2025-01-02 15:06:55,399 - src.config - ERROR - ファイルデータ処理中にエラーが発生: 'Sample type'
2025-01-02 15:06:55,399 - src.config - ERROR - ファイルデータ処理中にエラーが発生: 'Sample type'
2025-01-02 15:06:55,630 - src.config - ERROR - アプリケーション実行中にエラーが発生: 'Sample type'
2025-01-02 15:06:55,630 - src.config - ERROR - アプリケーション実行中にエラーが発生: 'Sample type'
2025-01-02 15:06:55,630 - src.config - ERROR - アプリケーション実行中にエラーが発生: 'Sample type'
2025-01-02 15:06:55,630 - src.config - ERROR - アプリケーション実行中にエラーが発生: 'Sample type'
2025-01-02 15:06:55,630 - src.config - ERROR - アプリケーション実行中にエラーが発生: 'Sample type'
2025-01-02 15:06:55,630 - src.config - ERROR - アプリケーション実行中にエラーが発生: 'Sample type'
2025-01-02 15:06:55,630 - src.config - ERROR - アプリケーション実行中にエラーが発生: 'Sample type'
2025-01-02 15:06:55,630 - src.config - ERROR - アプリケーション実行中にエラーが発生: 'Sample type'
2025-01-02 15:06:55,630 - src.config - ERROR - アプリケーション実行中にエラーが発生: 'Sample type'
2025-01-02 15:08:11,326 - src.config - ERROR - ファイルデータ処理中にエラーが発生: 'value'
2025-01-02 15:08:11,326 - src.config - ERROR - ファイルデータ処理中にエラーが発生: 'value'
2025-01-02 15:08:11,326 - src.config - ERROR - ファイルデータ処理中にエラーが発生: 'value'
2025-01-02 15:08:11,326 - src.config - ERROR - ファイルデータ処理中にエラーが発生: 'value'
2025-01-02 15:08:11,326 - src.config - ERROR - ファイルデータ処理中にエラーが発生: 'value'
2025-01-02 15:08:11,326 - src.config - ERROR - ファイルデータ処理中にエラーが発生: 'value'
2025-01-02 15:08:11,326 - src.config - ERROR - ファイルデータ処理中にエラーが発生: 'value'
2025-01-02 15:08:11,326 - src.config - ERROR - ファイルデータ処理中にエラーが発生: 'value'
2025-01-02 15:08:11,326 - src.config - ERROR - ファイルデータ処理中にエラーが発生: 'value'
2025-01-02 15:08:11,326 - src.config - ERROR - ファイルデータ処理中にエラーが発生: 'value'
2025-01-02 15:08:11,832 - src.config - ERROR - アプリケーション実行中にエラーが発生: 'value'
2025-01-02 15:08:11,832 - src.config - ERROR - アプリケーション実行中にエラーが発生: 'value'
2025-01-02 15:08:11,832 - src.config - ERROR - アプリケーション実行中にエラーが発生: 'value'
2025-01-02 15:08:11,832 - src.config - ERROR - アプリケーション実行中にエラーが発生: 'value'
2025-01-02 15:08:11,832 - src.config - ERROR - アプリケーション実行中にエラーが発生: 'value'
2025-01-02 15:08:11,832 - src.config - ERROR - アプリケーション実行中にエラーが発生: 'value'
2025-01-02 15:08:11,832 - src.config - ERROR - アプリケーション実行中にエラーが発生: 'value'
2025-01-02 15:08:11,832 - src.config - ERROR - アプリケーション実行中にエラーが発生: 'value'
2025-01-02 15:08:11,832 - src.config - ERROR - アプリケーション実行中にエラーが発生: 'value'
2025-01-02 15:08:11,832 - src.config - ERROR - アプリケーション実行中にエラーが発生: 'value'
2025-01-02 15:10:08,879 - src.config - ERROR - ファイルデータ処理中にエラーが発生: 'Sample type'
2025-01-02 15:10:08,879 - src.config - ERROR - ファイルデータ処理中にエラーが発生: 'Sample type'
2025-01-02 15:10:08,879 - src.config - ERROR - ファイルデータ処理中にエラーが発生: 'Sample type'
2025-01-02 15:10:08,879 - src.config - ERROR - ファイルデータ処理中にエラーが発生: 'Sample type'
2025-01-02 15:10:08,879 - src.config - ERROR - ファイルデータ処理中にエラーが発生: 'Sample type'
2025-01-02 15:10:08,879 - src.config - ERROR - ファイルデータ処理中にエラーが発生: 'Sample type'
2025-01-02 15:10:08,879 - src.config - ERROR - ファイルデータ処理中にエラーが発生: 'Sample type'
2025-01-02 15:10:08,879 - src.config - ERROR - ファイルデータ処理中にエラーが発生: 'Sample type'
2025-01-02 15:10:08,879 - src.config - ERROR - ファイルデータ処理中にエラーが発生: 'Sample type'
2025-01-02 15:10:08,879 - src.config - ERROR - ファイルデータ処理中にエラーが発生: 'Sample type'
2025-01-02 15:10:08,879 - src.config - ERROR - ファイルデータ処理中にエラーが発生: 'Sample type'
2025-01-02 15:10:08,946 - src.config - ERROR - アプリケーション実行中にエラーが発生: 'Sample type'
2025-01-02 15:10:08,946 - src.config - ERROR - アプリケーション実行中にエラーが発生: 'Sample type'
2025-01-02 15:10:08,946 - src.config - ERROR - アプリケーション実行中にエラーが発生: 'Sample type'
2025-01-02 15:10:08,946 - src.config - ERROR - アプリケーション実行中にエラーが発生: 'Sample type'
2025-01-02 15:10:08,946 - src.config - ERROR - アプリケーション実行中にエラーが発生: 'Sample type'
2025-01-02 15:10:08,946 - src.config - ERROR - アプリケーション実行中にエラーが発生: 'Sample type'
2025-01-02 15:10:08,946 - src.config - ERROR - アプリケーション実行中にエラーが発生: 'Sample type'
2025-01-02 15:10:08,946 - src.config - ERROR - アプリケーション実行中にエラーが発生: 'Sample type'
2025-01-02 15:10:08,946 - src.config - ERROR - アプリケーション実行中にエラーが発生: 'Sample type'
2025-01-02 15:10:08,946 - src.config - ERROR - アプリケーション実行中にエラーが発生: 'Sample type'
2025-01-02 15:10:08,946 - src.config - ERROR - アプリケーション実行中にエラーが発生: 'Sample type'
2025-01-02 15:12:52,570 - src.config - ERROR - ファイルデータ処理中にエラーが発生: name 'ひょ' is not defined
2025-01-02 15:12:52,570 - src.config - ERROR - ファイルデータ処理中にエラーが発生: name 'ひょ' is not defined
2025-01-02 15:12:52,570 - src.config - ERROR - ファイルデータ処理中にエラーが発生: name 'ひょ' is not defined
2025-01-02 15:12:52,570 - src.config - ERROR - ファイルデータ処理中にエラーが発生: name 'ひょ' is not defined
2025-01-02 15:12:52,570 - src.config - ERROR - ファイルデータ処理中にエラーが発生: name 'ひょ' is not defined
2025-01-02 15:12:52,570 - src.config - ERROR - ファイルデータ処理中にエラーが発生: name 'ひょ' is not defined
2025-01-02 15:12:52,570 - src.config - ERROR - ファイルデータ処理中にエラーが発生: name 'ひょ' is not defined
2025-01-02 15:12:52,570 - src.config - ERROR - ファイルデータ処理中にエラーが発生: name 'ひょ' is not defined
2025-01-02 15:12:52,570 - src.config - ERROR - ファイルデータ処理中にエラーが発生: name 'ひょ' is not defined
2025-01-02 15:12:52,570 - src.config - ERROR - ファイルデータ処理中にエラーが発生: name 'ひょ' is not defined
2025-01-02 15:12:52,570 - src.config - ERROR - ファイルデータ処理中にエラーが発生: name 'ひょ' is not defined
2025-01-02 15:12:52,570 - src.config - ERROR - ファイルデータ処理中にエラーが発生: name 'ひょ' is not defined
2025-01-02 15:12:52,800 - src.config - ERROR - アプリケーション実行中にエラーが発生: name 'ひょ' is not defined
2025-01-02 15:12:52,800 - src.config - ERROR - アプリケーション実行中にエラーが発生: name 'ひょ' is not defined
2025-01-02 15:12:52,800 - src.config - ERROR - アプリケーション実行中にエラーが発生: name 'ひょ' is not defined
2025-01-02 15:12:52,800 - src.config - ERROR - アプリケーション実行中にエラーが発生: name 'ひょ' is not defined
2025-01-02 15:12:52,800 - src.config - ERROR - アプリケーション実行中にエラーが発生: name 'ひょ' is not defined
2025-01-02 15:12:52,800 - src.config - ERROR - アプリケーション実行中にエラーが発生: name 'ひょ' is not defined
2025-01-02 15:12:52,800 - src.config - ERROR - アプリケーション実行中にエラーが発生: name 'ひょ' is not defined
2025-01-02 15:12:52,800 - src.config - ERROR - アプリケーション実行中にエラーが発生: name 'ひょ' is not defined
2025-01-02 15:12:52,800 - src.config - ERROR - アプリケーション実行中にエラーが発生: name 'ひょ' is not defined
2025-01-02 15:12:52,800 - src.config - ERROR - アプリケーション実行中にエラーが発生: name 'ひょ' is not defined
2025-01-02 15:12:52,800 - src.config - ERROR - アプリケーション実行中にエラーが発生: name 'ひょ' is not defined
2025-01-02 15:12:52,800 - src.config - ERROR - アプリケーション実行中にエラーが発生: name 'ひょ' is not defined
2025-01-02 15:12:59,697 - src.config - ERROR - ファイルデータ処理中にエラーが発生: 'Sample type'
2025-01-02 15:12:59,697 - src.config - ERROR - ファイルデータ処理中にエラーが発生: 'Sample type'
2025-01-02 15:12:59,697 - src.config - ERROR - ファイルデータ処理中にエラーが発生: 'Sample type'
2025-01-02 15:12:59,697 - src.config - ERROR - ファイルデータ処理中にエラーが発生: 'Sample type'
2025-01-02 15:12:59,697 - src.config - ERROR - ファイルデータ処理中にエラーが発生: 'Sample type'
2025-01-02 15:12:59,697 - src.config - ERROR - ファイルデータ処理中にエラーが発生: 'Sample type'
2025-01-02 15:12:59,697 - src.config - ERROR - ファイルデータ処理中にエラーが発生: 'Sample type'
2025-01-02 15:12:59,697 - src.config - ERROR - ファイルデータ処理中にエラーが発生: 'Sample type'
2025-01-02 15:12:59,697 - src.config - ERROR - ファイルデータ処理中にエラーが発生: 'Sample type'
2025-01-02 15:12:59,697 - src.config - ERROR - ファイルデータ処理中にエラーが発生: 'Sample type'
2025-01-02 15:12:59,697 - src.config - ERROR - ファイルデータ処理中にエラーが発生: 'Sample type'
2025-01-02 15:12:59,697 - src.config - ERROR - ファイルデータ処理中にエラーが発生: 'Sample type'
2025-01-02 15:12:59,697 - src.config - ERROR - ファイルデータ処理中にエラーが発生: 'Sample type'
2025-01-02 15:12:59,912 - src.config - ERROR - アプリケーション実行中にエラーが発生: 'Sample type'
2025-01-02 15:12:59,912 - src.config - ERROR - アプリケーション実行中にエラーが発生: 'Sample type'
2025-01-02 15:12:59,912 - src.config - ERROR - アプリケーション実行中にエラーが発生: 'Sample type'
2025-01-02 15:12:59,912 - src.config - ERROR - アプリケーション実行中にエラーが発生: 'Sample type'
2025-01-02 15:12:59,912 - src.config - ERROR - アプリケーション実行中にエラーが発生: 'Sample type'
2025-01-02 15:12:59,912 - src.config - ERROR - アプリケーション実行中にエラーが発生: 'Sample type'
2025-01-02 15:12:59,912 - src.config - ERROR - アプリケーション実行中にエラーが発生: 'Sample type'
2025-01-02 15:12:59,912 - src.config - ERROR - アプリケーション実行中にエラーが発生: 'Sample type'
2025-01-02 15:12:59,912 - src.config - ERROR - アプリケーション実行中にエラーが発生: 'Sample type'
2025-01-02 15:12:59,912 - src.config - ERROR - アプリケーション実行中にエラーが発生: 'Sample type'
2025-01-02 15:12:59,912 - src.config - ERROR - アプリケーション実行中にエラーが発生: 'Sample type'
2025-01-02 15:12:59,912 - src.config - ERROR - アプリケーション実行中にエラーが発生: 'Sample type'
2025-01-02 15:12:59,912 - src.config - ERROR - アプリケーション実行中にエラーが発生: 'Sample type'
2025-01-02 15:13:38,964 - src.config - ERROR - ファイルデータ処理中にエラーが発生: "['Lot number'] not in index"
2025-01-02 15:13:38,964 - src.config - ERROR - ファイルデータ処理中にエラーが発生: "['Lot number'] not in index"
2025-01-02 15:13:38,964 - src.config - ERROR - ファイルデータ処理中にエラーが発生: "['Lot number'] not in index"
2025-01-02 15:13:38,964 - src.config - ERROR - ファイルデータ処理中にエラーが発生: "['Lot number'] not in index"
2025-01-02 15:13:38,964 - src.config - ERROR - ファイルデータ処理中にエラーが発生: "['Lot number'] not in index"
2025-01-02 15:13:38,964 - src.config - ERROR - ファイルデータ処理中にエラーが発生: "['Lot number'] not in index"
2025-01-02 15:13:38,964 - src.config - ERROR - ファイルデータ処理中にエラーが発生: "['Lot number'] not in index"
2025-01-02 15:13:38,964 - src.config - ERROR - ファイルデータ処理中にエラーが発生: "['Lot number'] not in index"
2025-01-02 15:13:38,964 - src.config - ERROR - ファイルデータ処理中にエラーが発生: "['Lot number'] not in index"
2025-01-02 15:13:38,964 - src.config - ERROR - ファイルデータ処理中にエラーが発生: "['Lot number'] not in index"
2025-01-02 15:13:38,964 - src.config - ERROR - ファイルデータ処理中にエラーが発生: "['Lot number'] not in index"
2025-01-02 15:13:38,964 - src.config - ERROR - ファイルデータ処理中にエラーが発生: "['Lot number'] not in index"
2025-01-02 15:13:38,964 - src.config - ERROR - ファイルデータ処理中にエラーが発生: "['Lot number'] not in index"
2025-01-02 15:13:38,964 - src.config - ERROR - ファイルデータ処理中にエラーが発生: "['Lot number'] not in index"
2025-01-02 15:13:39,049 - src.config - ERROR - アプリケーション実行中にエラーが発生: "['Lot number'] not in index"
2025-01-02 15:13:39,049 - src.config - ERROR - アプリケーション実行中にエラーが発生: "['Lot number'] not in index"
2025-01-02 15:13:39,049 - src.config - ERROR - アプリケーション実行中にエラーが発生: "['Lot number'] not in index"
2025-01-02 15:13:39,049 - src.config - ERROR - アプリケーション実行中にエラーが発生: "['Lot number'] not in index"
2025-01-02 15:13:39,049 - src.config - ERROR - アプリケーション実行中にエラーが発生: "['Lot number'] not in index"
2025-01-02 15:13:39,049 - src.config - ERROR - アプリケーション実行中にエラーが発生: "['Lot number'] not in index"
2025-01-02 15:13:39,049 - src.config - ERROR - アプリケーション実行中にエラーが発生: "['Lot number'] not in index"
2025-01-02 15:13:39,049 - src.config - ERROR - アプリケーション実行中にエラーが発生: "['Lot number'] not in index"
2025-01-02 15:13:39,049 - src.config - ERROR - アプリケーション実行中にエラーが発生: "['Lot number'] not in index"
2025-01-02 15:13:39,049 - src.config - ERROR - アプリケーション実行中にエラーが発生: "['Lot number'] not in index"
2025-01-02 15:13:39,049 - src.config - ERROR - アプリケーション実行中にエラーが発生: "['Lot number'] not in index"
2025-01-02 15:13:39,049 - src.config - ERROR - アプリケーション実行中にエラーが発生: "['Lot number'] not in index"
2025-01-02 15:13:39,049 - src.config - ERROR - アプリケーション実行中にエラーが発生: "['Lot number'] not in index"
2025-01-02 15:13:39,049 - src.config - ERROR - アプリケーション実行中にエラーが発生: "['Lot number'] not in index"
2025-01-02 15:13:49,972 - src.config - ERROR - ファイルデータ処理中にエラーが発生: "['Lot number'] not in index"
2025-01-02 15:13:49,972 - src.config - ERROR - ファイルデータ処理中にエラーが発生: "['Lot number'] not in index"
2025-01-02 15:13:49,972 - src.config - ERROR - ファイルデータ処理中にエラーが発生: "['Lot number'] not in index"
2025-01-02 15:13:49,972 - src.config - ERROR - ファイルデータ処理中にエラーが発生: "['Lot number'] not in index"
2025-01-02 15:13:49,972 - src.config - ERROR - ファイルデータ処理中にエラーが発生: "['Lot number'] not in index"
2025-01-02 15:13:49,972 - src.config - ERROR - ファイルデータ処理中にエラーが発生: "['Lot number'] not in index"
2025-01-02 15:13:49,972 - src.config - ERROR - ファイルデータ処理中にエラーが発生: "['Lot number'] not in index"
2025-01-02 15:13:49,972 - src.config - ERROR - ファイルデータ処理中にエラーが発生: "['Lot number'] not in index"
2025-01-02 15:13:49,972 - src.config - ERROR - ファイルデータ処理中にエラーが発生: "['Lot number'] not in index"
2025-01-02 15:13:49,972 - src.config - ERROR - ファイルデータ処理中にエラーが発生: "['Lot number'] not in index"
2025-01-02 15:13:49,972 - src.config - ERROR - ファイルデータ処理中にエラーが発生: "['Lot number'] not in index"
2025-01-02 15:13:49,972 - src.config - ERROR - ファイルデータ処理中にエラーが発生: "['Lot number'] not in index"
2025-01-02 15:13:49,972 - src.config - ERROR - ファイルデータ処理中にエラーが発生: "['Lot number'] not in index"
2025-01-02 15:13:49,972 - src.config - ERROR - ファイルデータ処理中にエラーが発生: "['Lot number'] not in index"
2025-01-02 15:13:49,972 - src.config - ERROR - ファイルデータ処理中にエラーが発生: "['Lot number'] not in index"
2025-01-02 15:13:50,132 - src.config - ERROR - アプリケーション実行中にエラーが発生: "['Lot number'] not in index"
2025-01-02 15:13:50,132 - src.config - ERROR - アプリケーション実行中にエラーが発生: "['Lot number'] not in index"
2025-01-02 15:13:50,132 - src.config - ERROR - アプリケーション実行中にエラーが発生: "['Lot number'] not in index"
2025-01-02 15:13:50,132 - src.config - ERROR - アプリケーション実行中にエラーが発生: "['Lot number'] not in index"
2025-01-02 15:13:50,132 - src.config - ERROR - アプリケーション実行中にエラーが発生: "['Lot number'] not in index"
2025-01-02 15:13:50,132 - src.config - ERROR - アプリケーション実行中にエラーが発生: "['Lot number'] not in index"
2025-01-02 15:13:50,132 - src.config - ERROR - アプリケーション実行中にエラーが発生: "['Lot number'] not in index"
2025-01-02 15:13:50,132 - src.config - ERROR - アプリケーション実行中にエラーが発生: "['Lot number'] not in index"
2025-01-02 15:13:50,132 - src.config - ERROR - アプリケーション実行中にエラーが発生: "['Lot number'] not in index"
2025-01-02 15:13:50,132 - src.config - ERROR - アプリケーション実行中にエラーが発生: "['Lot number'] not in index"
2025-01-02 15:13:50,132 - src.config - ERROR - アプリケーション実行中にエラーが発生: "['Lot number'] not in index"
2025-01-02 15:13:50,132 - src.config - ERROR - アプリケーション実行中にエラーが発生: "['Lot number'] not in index"
2025-01-02 15:13:50,132 - src.config - ERROR - アプリケーション実行中にエラーが発生: "['Lot number'] not in index"
2025-01-02 15:13:50,132 - src.config - ERROR - アプリケーション実行中にエラーが発生: "['Lot number'] not in index"
2025-01-02 15:13:50,132 - src.config - ERROR - アプリケーション実行中にエラーが発生: "['Lot number'] not in index"
2025-01-02 15:13:51,856 - src.config - ERROR - ファイルデータ処理中にエラーが発生: "['Lot number'] not in index"
2025-01-02 15:13:51,856 - src.config - ERROR - ファイルデータ処理中にエラーが発生: "['Lot number'] not in index"
2025-01-02 15:13:51,856 - src.config - ERROR - ファイルデータ処理中にエラーが発生: "['Lot number'] not in index"
2025-01-02 15:13:51,856 - src.config - ERROR - ファイルデータ処理中にエラーが発生: "['Lot number'] not in index"
2025-01-02 15:13:51,856 - src.config - ERROR - ファイルデータ処理中にエラーが発生: "['Lot number'] not in index"
2025-01-02 15:13:51,856 - src.config - ERROR - ファイルデータ処理中にエラーが発生: "['Lot number'] not in index"
2025-01-02 15:13:51,856 - src.config - ERROR - ファイルデータ処理中にエラーが発生: "['Lot number'] not in index"
2025-01-02 15:13:51,856 - src.config - ERROR - ファイルデータ処理中にエラーが発生: "['Lot number'] not in index"
2025-01-02 15:13:51,856 - src.config - ERROR - ファイルデータ処理中にエラーが発生: "['Lot number'] not in index"
2025-01-02 15:13:51,856 - src.config - ERROR - ファイルデータ処理中にエラーが発生: "['Lot number'] not in index"
2025-01-02 15:13:51,856 - src.config - ERROR - ファイルデータ処理中にエラーが発生: "['Lot number'] not in index"
2025-01-02 15:13:51,856 - src.config - ERROR - ファイルデータ処理中にエラーが発生: "['Lot number'] not in index"
2025-01-02 15:13:51,856 - src.config - ERROR - ファイルデータ処理中にエラーが発生: "['Lot number'] not in index"
2025-01-02 15:13:51,856 - src.config - ERROR - ファイルデータ処理中にエラーが発生: "['Lot number'] not in index"
2025-01-02 15:13:51,856 - src.config - ERROR - ファイルデータ処理中にエラーが発生: "['Lot number'] not in index"
2025-01-02 15:13:51,856 - src.config - ERROR - ファイルデータ処理中にエラーが発生: "['Lot number'] not in index"
2025-01-02 15:13:51,898 - src.config - ERROR - アプリケーション実行中にエラーが発生: "['Lot number'] not in index"
2025-01-02 15:13:51,898 - src.config - ERROR - アプリケーション実行中にエラーが発生: "['Lot number'] not in index"
2025-01-02 15:13:51,898 - src.config - ERROR - アプリケーション実行中にエラーが発生: "['Lot number'] not in index"
2025-01-02 15:13:51,898 - src.config - ERROR - アプリケーション実行中にエラーが発生: "['Lot number'] not in index"
2025-01-02 15:13:51,898 - src.config - ERROR - アプリケーション実行中にエラーが発生: "['Lot number'] not in index"
2025-01-02 15:13:51,898 - src.config - ERROR - アプリケーション実行中にエラーが発生: "['Lot number'] not in index"
2025-01-02 15:13:51,898 - src.config - ERROR - アプリケーション実行中にエラーが発生: "['Lot number'] not in index"
2025-01-02 15:13:51,898 - src.config - ERROR - アプリケーション実行中にエラーが発生: "['Lot number'] not in index"
2025-01-02 15:13:51,898 - src.config - ERROR - アプリケーション実行中にエラーが発生: "['Lot number'] not in index"
2025-01-02 15:13:51,898 - src.config - ERROR - アプリケーション実行中にエラーが発生: "['Lot number'] not in index"
2025-01-02 15:13:51,898 - src.config - ERROR - アプリケーション実行中にエラーが発生: "['Lot number'] not in index"
2025-01-02 15:13:51,898 - src.config - ERROR - アプリケーション実行中にエラーが発生: "['Lot number'] not in index"
2025-01-02 15:13:51,898 - src.config - ERROR - アプリケーション実行中にエラーが発生: "['Lot number'] not in index"
2025-01-02 15:13:51,898 - src.config - ERROR - アプリケーション実行中にエラーが発生: "['Lot number'] not in index"
2025-01-02 15:13:51,898 - src.config - ERROR - アプリケーション実行中にエラーが発生: "['Lot number'] not in index"
2025-01-02 15:13:51,898 - src.config - ERROR - アプリケーション実行中にエラーが発生: "['Lot number'] not in index"
2025-01-02 15:13:57,176 - src.config - ERROR - ファイルデータ処理中にエラーが発生: "['Lot number'] not in index"
2025-01-02 15:13:57,176 - src.config - ERROR - ファイルデータ処理中にエラーが発生: "['Lot number'] not in index"
2025-01-02 15:13:57,176 - src.config - ERROR - ファイルデータ処理中にエラーが発生: "['Lot number'] not in index"
2025-01-02 15:13:57,176 - src.config - ERROR - ファイルデータ処理中にエラーが発生: "['Lot number'] not in index"
2025-01-02 15:13:57,176 - src.config - ERROR - ファイルデータ処理中にエラーが発生: "['Lot number'] not in index"
2025-01-02 15:13:57,176 - src.config - ERROR - ファイルデータ処理中にエラーが発生: "['Lot number'] not in index"
2025-01-02 15:13:57,176 - src.config - ERROR - ファイルデータ処理中にエラーが発生: "['Lot number'] not in index"
2025-01-02 15:13:57,176 - src.config - ERROR - ファイルデータ処理中にエラーが発生: "['Lot number'] not in index"
2025-01-02 15:13:57,176 - src.config - ERROR - ファイルデータ処理中にエラーが発生: "['Lot number'] not in index"
2025-01-02 15:13:57,176 - src.config - ERROR - ファイルデータ処理中にエラーが発生: "['Lot number'] not in index"
2025-01-02 15:13:57,176 - src.config - ERROR - ファイルデータ処理中にエラーが発生: "['Lot number'] not in index"
2025-01-02 15:13:57,176 - src.config - ERROR - ファイルデータ処理中にエラーが発生: "['Lot number'] not in index"
2025-01-02 15:13:57,176 - src.config - ERROR - ファイルデータ処理中にエラーが発生: "['Lot number'] not in index"
2025-01-02 15:13:57,176 - src.config - ERROR - ファイルデータ処理中にエラーが発生: "['Lot number'] not in index"
2025-01-02 15:13:57,176 - src.config - ERROR - ファイルデータ処理中にエラーが発生: "['Lot number'] not in index"
2025-01-02 15:13:57,176 - src.config - ERROR - ファイルデータ処理中にエラーが発生: "['Lot number'] not in index"
2025-01-02 15:13:57,176 - src.config - ERROR - ファイルデータ処理中にエラーが発生: "['Lot number'] not in index"
2025-01-02 15:13:57,306 - src.config - ERROR - アプリケーション実行中にエラーが発生: "['Lot number'] not in index"
2025-01-02 15:13:57,306 - src.config - ERROR - アプリケーション実行中にエラーが発生: "['Lot number'] not in index"
2025-01-02 15:13:57,306 - src.config - ERROR - アプリケーション実行中にエラーが発生: "['Lot number'] not in index"
2025-01-02 15:13:57,306 - src.config - ERROR - アプリケーション実行中にエラーが発生: "['Lot number'] not in index"
2025-01-02 15:13:57,306 - src.config - ERROR - アプリケーション実行中にエラーが発生: "['Lot number'] not in index"
2025-01-02 15:13:57,306 - src.config - ERROR - アプリケーション実行中にエラーが発生: "['Lot number'] not in index"
2025-01-02 15:13:57,306 - src.config - ERROR - アプリケーション実行中にエラーが発生: "['Lot number'] not in index"
2025-01-02 15:13:57,306 - src.config - ERROR - アプリケーション実行中にエラーが発生: "['Lot number'] not in index"
2025-01-02 15:13:57,306 - src.config - ERROR - アプリケーション実行中にエラーが発生: "['Lot number'] not in index"
2025-01-02 15:13:57,306 - src.config - ERROR - アプリケーション実行中にエラーが発生: "['Lot number'] not in index"
2025-01-02 15:13:57,306 - src.config - ERROR - アプリケーション実行中にエラーが発生: "['Lot number'] not in index"
2025-01-02 15:13:57,306 - src.config - ERROR - アプリケーション実行中にエラーが発生: "['Lot number'] not in index"
2025-01-02 15:13:57,306 - src.config - ERROR - アプリケーション実行中にエラーが発生: "['Lot number'] not in index"
2025-01-02 15:13:57,306 - src.config - ERROR - アプリケーション実行中にエラーが発生: "['Lot number'] not in index"
2025-01-02 15:13:57,306 - src.config - ERROR - アプリケーション実行中にエラーが発生: "['Lot number'] not in index"
2025-01-02 15:13:57,306 - src.config - ERROR - アプリケーション実行中にエラーが発生: "['Lot number'] not in index"
2025-01-02 15:13:57,306 - src.config - ERROR - アプリケーション実行中にエラーが発生: "['Lot number'] not in index"
2025-01-02 15:14:03,172 - src.config - ERROR - ファイルデータ処理中にエラーが発生: "['Lot number'] not in index"
2025-01-02 15:14:03,172 - src.config - ERROR - ファイルデータ処理中にエラーが発生: "['Lot number'] not in index"
2025-01-02 15:14:03,172 - src.config - ERROR - ファイルデータ処理中にエラーが発生: "['Lot number'] not in index"
2025-01-02 15:14:03,172 - src.config - ERROR - ファイルデータ処理中にエラーが発生: "['Lot number'] not in index"
2025-01-02 15:14:03,172 - src.config - ERROR - ファイルデータ処理中にエラーが発生: "['Lot number'] not in index"
2025-01-02 15:14:03,172 - src.config - ERROR - ファイルデータ処理中にエラーが発生: "['Lot number'] not in index"
2025-01-02 15:14:03,172 - src.config - ERROR - ファイルデータ処理中にエラーが発生: "['Lot number'] not in index"
2025-01-02 15:14:03,172 - src.config - ERROR - ファイルデータ処理中にエラーが発生: "['Lot number'] not in index"
2025-01-02 15:14:03,172 - src.config - ERROR - ファイルデータ処理中にエラーが発生: "['Lot number'] not in index"
2025-01-02 15:14:03,172 - src.config - ERROR - ファイルデータ処理中にエラーが発生: "['Lot number'] not in index"
2025-01-02 15:14:03,172 - src.config - ERROR - ファイルデータ処理中にエラーが発生: "['Lot number'] not in index"
2025-01-02 15:14:03,172 - src.config - ERROR - ファイルデータ処理中にエラーが発生: "['Lot number'] not in index"
2025-01-02 15:14:03,172 - src.config - ERROR - ファイルデータ処理中にエラーが発生: "['Lot number'] not in index"
2025-01-02 15:14:03,172 - src.config - ERROR - ファイルデータ処理中にエラーが発生: "['Lot number'] not in index"
2025-01-02 15:14:03,172 - src.config - ERROR - ファイルデータ処理中にエラーが発生: "['Lot number'] not in index"
2025-01-02 15:14:03,172 - src.config - ERROR - ファイルデータ処理中にエラーが発生: "['Lot number'] not in index"
2025-01-02 15:14:03,172 - src.config - ERROR - ファイルデータ処理中にエラーが発生: "['Lot number'] not in index"
2025-01-02 15:14:03,172 - src.config - ERROR - ファイルデータ処理中にエラーが発生: "['Lot number'] not in index"
2025-01-02 15:14:03,305 - src.config - ERROR - アプリケーション実行中にエラーが発生: "['Lot number'] not in index"
2025-01-02 15:14:03,305 - src.config - ERROR - アプリケーション実行中にエラーが発生: "['Lot number'] not in index"
2025-01-02 15:14:03,305 - src.config - ERROR - アプリケーション実行中にエラーが発生: "['Lot number'] not in index"
2025-01-02 15:14:03,305 - src.config - ERROR - アプリケーション実行中にエラーが発生: "['Lot number'] not in index"
2025-01-02 15:14:03,305 - src.config - ERROR - アプリケーション実行中にエラーが発生: "['Lot number'] not in index"
2025-01-02 15:14:03,305 - src.config - ERROR - アプリケーション実行中にエラーが発生: "['Lot number'] not in index"
2025-01-02 15:14:03,305 - src.config - ERROR - アプリケーション実行中にエラーが発生: "['Lot number'] not in index"
2025-01-02 15:14:03,305 - src.config - ERROR - アプリケーション実行中にエラーが発生: "['Lot number'] not in index"
2025-01-02 15:14:03,305 - src.config - ERROR - アプリケーション実行中にエラーが発生: "['Lot number'] not in index"
2025-01-02 15:14:03,305 - src.config - ERROR - アプリケーション実行中にエラーが発生: "['Lot number'] not in index"
2025-01-02 15:14:03,305 - src.config - ERROR - アプリケーション実行中にエラーが発生: "['Lot number'] not in index"
2025-01-02 15:14:03,305 - src.config - ERROR - アプリケーション実行中にエラーが発生: "['Lot number'] not in index"
2025-01-02 15:14:03,305 - src.config - ERROR - アプリケーション実行中にエラーが発生: "['Lot number'] not in index"
2025-01-02 15:14:03,305 - src.config - ERROR - アプリケーション実行中にエラーが発生: "['Lot number'] not in index"
2025-01-02 15:14:03,305 - src.config - ERROR - アプリケーション実行中にエラーが発生: "['Lot number'] not in index"
2025-01-02 15:14:03,305 - src.config - ERROR - アプリケーション実行中にエラーが発生: "['Lot number'] not in index"
2025-01-02 15:14:03,305 - src.config - ERROR - アプリケーション実行中にエラーが発生: "['Lot number'] not in index"
2025-01-02 15:14:03,305 - src.config - ERROR - アプリケーション実行中にエラーが発生: "['Lot number'] not in index"
2025-01-02 15:14:06,483 - src.config - ERROR - ファイルデータ処理中にエラーが発生: "['Lot number'] not in index"
2025-01-02 15:14:06,483 - src.config - ERROR - ファイルデータ処理中にエラーが発生: "['Lot number'] not in index"
2025-01-02 15:14:06,483 - src.config - ERROR - ファイルデータ処理中にエラーが発生: "['Lot number'] not in index"
2025-01-02 15:14:06,483 - src.config - ERROR - ファイルデータ処理中にエラーが発生: "['Lot number'] not in index"
2025-01-02 15:14:06,483 - src.config - ERROR - ファイルデータ処理中にエラーが発生: "['Lot number'] not in index"
2025-01-02 15:14:06,483 - src.config - ERROR - ファイルデータ処理中にエラーが発生: "['Lot number'] not in index"
2025-01-02 15:14:06,483 - src.config - ERROR - ファイルデータ処理中にエラーが発生: "['Lot number'] not in index"
2025-01-02 15:14:06,483 - src.config - ERROR - ファイルデータ処理中にエラーが発生: "['Lot number'] not in index"
2025-01-02 15:14:06,483 - src.config - ERROR - ファイルデータ処理中にエラーが発生: "['Lot number'] not in index"
2025-01-02 15:14:06,483 - src.config - ERROR - ファイルデータ処理中にエラーが発生: "['Lot number'] not in index"
2025-01-02 15:14:06,483 - src.config - ERROR - ファイルデータ処理中にエラーが発生: "['Lot number'] not in index"
2025-01-02 15:14:06,483 - src.config - ERROR - ファイルデータ処理中にエラーが発生: "['Lot number'] not in index"
2025-01-02 15:14:06,483 - src.config - ERROR - ファイルデータ処理中にエラーが発生: "['Lot number'] not in index"
2025-01-02 15:14:06,483 - src.config - ERROR - ファイルデータ処理中にエラーが発生: "['Lot number'] not in index"
2025-01-02 15:14:06,483 - src.config - ERROR - ファイルデータ処理中にエラーが発生: "['Lot number'] not in index"
2025-01-02 15:14:06,483 - src.config - ERROR - ファイルデータ処理中にエラーが発生: "['Lot number'] not in index"
2025-01-02 15:14:06,483 - src.config - ERROR - ファイルデータ処理中にエラーが発生: "['Lot number'] not in index"
2025-01-02 15:14:06,483 - src.config - ERROR - ファイルデータ処理中にエラーが発生: "['Lot number'] not in index"
2025-01-02 15:14:06,483 - src.config - ERROR - ファイルデータ処理中にエラーが発生: "['Lot number'] not in index"
2025-01-02 15:14:06,583 - src.config - ERROR - アプリケーション実行中にエラーが発生: "['Lot number'] not in index"
2025-01-02 15:14:06,583 - src.config - ERROR - アプリケーション実行中にエラーが発生: "['Lot number'] not in index"
2025-01-02 15:14:06,583 - src.config - ERROR - アプリケーション実行中にエラーが発生: "['Lot number'] not in index"
2025-01-02 15:14:06,583 - src.config - ERROR - アプリケーション実行中にエラーが発生: "['Lot number'] not in index"
2025-01-02 15:14:06,583 - src.config - ERROR - アプリケーション実行中にエラーが発生: "['Lot number'] not in index"
2025-01-02 15:14:06,583 - src.config - ERROR - アプリケーション実行中にエラーが発生: "['Lot number'] not in index"
2025-01-02 15:14:06,583 - src.config - ERROR - アプリケーション実行中にエラーが発生: "['Lot number'] not in index"
2025-01-02 15:14:06,583 - src.config - ERROR - アプリケーション実行中にエラーが発生: "['Lot number'] not in index"
2025-01-02 15:14:06,583 - src.config - ERROR - アプリケーション実行中にエラーが発生: "['Lot number'] not in index"
2025-01-02 15:14:06,583 - src.config - ERROR - アプリケーション実行中にエラーが発生: "['Lot number'] not in index"
2025-01-02 15:14:06,583 - src.config - ERROR - アプリケーション実行中にエラーが発生: "['Lot number'] not in index"
2025-01-02 15:14:06,583 - src.config - ERROR - アプリケーション実行中にエラーが発生: "['Lot number'] not in index"
2025-01-02 15:14:06,583 - src.config - ERROR - アプリケーション実行中にエラーが発生: "['Lot number'] not in index"
2025-01-02 15:14:06,583 - src.config - ERROR - アプリケーション実行中にエラーが発生: "['Lot number'] not in index"
2025-01-02 15:14:06,583 - src.config - ERROR - アプリケーション実行中にエラーが発生: "['Lot number'] not in index"
2025-01-02 15:14:06,583 - src.config - ERROR - アプリケーション実行中にエラーが発生: "['Lot number'] not in index"
2025-01-02 15:14:06,583 - src.config - ERROR - アプリケーション実行中にエラーが発生: "['Lot number'] not in index"
2025-01-02 15:14:06,583 - src.config - ERROR - アプリケーション実行中にエラーが発生: "['Lot number'] not in index"
2025-01-02 15:14:06,583 - src.config - ERROR - アプリケーション実行中にエラーが発生: "['Lot number'] not in index"
2025-01-02 15:14:23,013 - src.config - ERROR - ファイルデータ処理中にエラーが発生: 'Sample type'
2025-01-02 15:14:23,013 - src.config - ERROR - ファイルデータ処理中にエラーが発生: 'Sample type'
2025-01-02 15:14:23,013 - src.config - ERROR - ファイルデータ処理中にエラーが発生: 'Sample type'
2025-01-02 15:14:23,013 - src.config - ERROR - ファイルデータ処理中にエラーが発生: 'Sample type'
2025-01-02 15:14:23,013 - src.config - ERROR - ファイルデータ処理中にエラーが発生: 'Sample type'
2025-01-02 15:14:23,013 - src.config - ERROR - ファイルデータ処理中にエラーが発生: 'Sample type'
2025-01-02 15:14:23,013 - src.config - ERROR - ファイルデータ処理中にエラーが発生: 'Sample type'
2025-01-02 15:14:23,013 - src.config - ERROR - ファイルデータ処理中にエラーが発生: 'Sample type'
2025-01-02 15:14:23,013 - src.config - ERROR - ファイルデータ処理中にエラーが発生: 'Sample type'
2025-01-02 15:14:23,013 - src.config - ERROR - ファイルデータ処理中にエラーが発生: 'Sample type'
2025-01-02 15:14:23,013 - src.config - ERROR - ファイルデータ処理中にエラーが発生: 'Sample type'
2025-01-02 15:14:23,013 - src.config - ERROR - ファイルデータ処理中にエラーが発生: 'Sample type'
2025-01-02 15:14:23,013 - src.config - ERROR - ファイルデータ処理中にエラーが発生: 'Sample type'
2025-01-02 15:14:23,013 - src.config - ERROR - ファイルデータ処理中にエラーが発生: 'Sample type'
2025-01-02 15:14:23,013 - src.config - ERROR - ファイルデータ処理中にエラーが発生: 'Sample type'
2025-01-02 15:14:23,013 - src.config - ERROR - ファイルデータ処理中にエラーが発生: 'Sample type'
2025-01-02 15:14:23,013 - src.config - ERROR - ファイルデータ処理中にエラーが発生: 'Sample type'
2025-01-02 15:14:23,013 - src.config - ERROR - ファイルデータ処理中にエラーが発生: 'Sample type'
2025-01-02 15:14:23,013 - src.config - ERROR - ファイルデータ処理中にエラーが発生: 'Sample type'
2025-01-02 15:14:23,013 - src.config - ERROR - ファイルデータ処理中にエラーが発生: 'Sample type'
2025-01-02 15:14:23,131 - src.config - ERROR - アプリケーション実行中にエラーが発生: 'Sample type'
2025-01-02 15:14:23,131 - src.config - ERROR - アプリケーション実行中にエラーが発生: 'Sample type'
2025-01-02 15:14:23,131 - src.config - ERROR - アプリケーション実行中にエラーが発生: 'Sample type'
2025-01-02 15:14:23,131 - src.config - ERROR - アプリケーション実行中にエラーが発生: 'Sample type'
2025-01-02 15:14:23,131 - src.config - ERROR - アプリケーション実行中にエラーが発生: 'Sample type'
2025-01-02 15:14:23,131 - src.config - ERROR - アプリケーション実行中にエラーが発生: 'Sample type'
2025-01-02 15:14:23,131 - src.config - ERROR - アプリケーション実行中にエラーが発生: 'Sample type'
2025-01-02 15:14:23,131 - src.config - ERROR - アプリケーション実行中にエラーが発生: 'Sample type'
2025-01-02 15:14:23,131 - src.config - ERROR - アプリケーション実行中にエラーが発生: 'Sample type'
2025-01-02 15:14:23,131 - src.config - ERROR - アプリケーション実行中にエラーが発生: 'Sample type'
2025-01-02 15:14:23,131 - src.config - ERROR - アプリケーション実行中にエラーが発生: 'Sample type'
2025-01-02 15:14:23,131 - src.config - ERROR - アプリケーション実行中にエラーが発生: 'Sample type'
2025-01-02 15:14:23,131 - src.config - ERROR - アプリケーション実行中にエラーが発生: 'Sample type'
2025-01-02 15:14:23,131 - src.config - ERROR - アプリケーション実行中にエラーが発生: 'Sample type'
2025-01-02 15:14:23,131 - src.config - ERROR - アプリケーション実行中にエラーが発生: 'Sample type'
2025-01-02 15:14:23,131 - src.config - ERROR - アプリケーション実行中にエラーが発生: 'Sample type'
2025-01-02 15:14:23,131 - src.config - ERROR - アプリケーション実行中にエラーが発生: 'Sample type'
2025-01-02 15:14:23,131 - src.config - ERROR - アプリケーション実行中にエラーが発生: 'Sample type'
2025-01-02 15:14:23,131 - src.config - ERROR - アプリケーション実行中にエラーが発生: 'Sample type'
2025-01-02 15:14:23,131 - src.config - ERROR - アプリケーション実行中にエラーが発生: 'Sample type'
2025-01-02 15:16:30,939 - src.config - ERROR - ファイルデータ処理中にエラーが発生: 'Sample type'
2025-01-02 15:16:30,939 - src.config - ERROR - ファイルデータ処理中にエラーが発生: 'Sample type'
2025-01-02 15:16:30,939 - src.config - ERROR - ファイルデータ処理中にエラーが発生: 'Sample type'
2025-01-02 15:16:30,939 - src.config - ERROR - ファイルデータ処理中にエラーが発生: 'Sample type'
2025-01-02 15:16:30,939 - src.config - ERROR - ファイルデータ処理中にエラーが発生: 'Sample type'
2025-01-02 15:16:30,939 - src.config - ERROR - ファイルデータ処理中にエラーが発生: 'Sample type'
2025-01-02 15:16:30,939 - src.config - ERROR - ファイルデータ処理中にエラーが発生: 'Sample type'
2025-01-02 15:16:30,939 - src.config - ERROR - ファイルデータ処理中にエラーが発生: 'Sample type'
2025-01-02 15:16:30,939 - src.config - ERROR - ファイルデータ処理中にエラーが発生: 'Sample type'
2025-01-02 15:16:30,939 - src.config - ERROR - ファイルデータ処理中にエラーが発生: 'Sample type'
2025-01-02 15:16:30,939 - src.config - ERROR - ファイルデータ処理中にエラーが発生: 'Sample type'
2025-01-02 15:16:30,939 - src.config - ERROR - ファイルデータ処理中にエラーが発生: 'Sample type'
2025-01-02 15:16:30,939 - src.config - ERROR - ファイルデータ処理中にエラーが発生: 'Sample type'
2025-01-02 15:16:30,939 - src.config - ERROR - ファイルデータ処理中にエラーが発生: 'Sample type'
2025-01-02 15:16:30,939 - src.config - ERROR - ファイルデータ処理中にエラーが発生: 'Sample type'
2025-01-02 15:16:30,939 - src.config - ERROR - ファイルデータ処理中にエラーが発生: 'Sample type'
2025-01-02 15:16:30,939 - src.config - ERROR - ファイルデータ処理中にエラーが発生: 'Sample type'
2025-01-02 15:16:30,939 - src.config - ERROR - ファイルデータ処理中にエラーが発生: 'Sample type'
2025-01-02 15:16:30,939 - src.config - ERROR - ファイルデータ処理中にエラーが発生: 'Sample type'
2025-01-02 15:16:30,939 - src.config - ERROR - ファイルデータ処理中にエラーが発生: 'Sample type'
2025-01-02 15:16:30,939 - src.config - ERROR - ファイルデータ処理中にエラーが発生: 'Sample type'
2025-01-02 15:16:31,108 - src.config - ERROR - アプリケーション実行中にエラーが発生: 'Sample type'
2025-01-02 15:16:31,108 - src.config - ERROR - アプリケーション実行中にエラーが発生: 'Sample type'
2025-01-02 15:16:31,108 - src.config - ERROR - アプリケーション実行中にエラーが発生: 'Sample type'
2025-01-02 15:16:31,108 - src.config - ERROR - アプリケーション実行中にエラーが発生: 'Sample type'
2025-01-02 15:16:31,108 - src.config - ERROR - アプリケーション実行中にエラーが発生: 'Sample type'
2025-01-02 15:16:31,108 - src.config - ERROR - アプリケーション実行中にエラーが発生: 'Sample type'
2025-01-02 15:16:31,108 - src.config - ERROR - アプリケーション実行中にエラーが発生: 'Sample type'
2025-01-02 15:16:31,108 - src.config - ERROR - アプリケーション実行中にエラーが発生: 'Sample type'
2025-01-02 15:16:31,108 - src.config - ERROR - アプリケーション実行中にエラーが発生: 'Sample type'
2025-01-02 15:16:31,108 - src.config - ERROR - アプリケーション実行中にエラーが発生: 'Sample type'
2025-01-02 15:16:31,108 - src.config - ERROR - アプリケーション実行中にエラーが発生: 'Sample type'
2025-01-02 15:16:31,108 - src.config - ERROR - アプリケーション実行中にエラーが発生: 'Sample type'
2025-01-02 15:16:31,108 - src.config - ERROR - アプリケーション実行中にエラーが発生: 'Sample type'
2025-01-02 15:16:31,108 - src.config - ERROR - アプリケーション実行中にエラーが発生: 'Sample type'
2025-01-02 15:16:31,108 - src.config - ERROR - アプリケーション実行中にエラーが発生: 'Sample type'
2025-01-02 15:16:31,108 - src.config - ERROR - アプリケーション実行中にエラーが発生: 'Sample type'
2025-01-02 15:16:31,108 - src.config - ERROR - アプリケーション実行中にエラーが発生: 'Sample type'
2025-01-02 15:16:31,108 - src.config - ERROR - アプリケーション実行中にエラーが発生: 'Sample type'
2025-01-02 15:16:31,108 - src.config - ERROR - アプリケーション実行中にエラーが発生: 'Sample type'
2025-01-02 15:16:31,108 - src.config - ERROR - アプリケーション実行中にエラーが発生: 'Sample type'
2025-01-02 15:16:31,108 - src.config - ERROR - アプリケーション実行中にエラーが発生: 'Sample type'
2025-01-02 15:16:32,253 - src.config - ERROR - ファイルデータ処理中にエラーが発生: 'Sample type'
2025-01-02 15:16:32,253 - src.config - ERROR - ファイルデータ処理中にエラーが発生: 'Sample type'
2025-01-02 15:16:32,253 - src.config - ERROR - ファイルデータ処理中にエラーが発生: 'Sample type'
2025-01-02 15:16:32,253 - src.config - ERROR - ファイルデータ処理中にエラーが発生: 'Sample type'
2025-01-02 15:16:32,253 - src.config - ERROR - ファイルデータ処理中にエラーが発生: 'Sample type'
2025-01-02 15:16:32,253 - src.config - ERROR - ファイルデータ処理中にエラーが発生: 'Sample type'
2025-01-02 15:16:32,253 - src.config - ERROR - ファイルデータ処理中にエラーが発生: 'Sample type'
2025-01-02 15:16:32,253 - src.config - ERROR - ファイルデータ処理中にエラーが発生: 'Sample type'
2025-01-02 15:16:32,253 - src.config - ERROR - ファイルデータ処理中にエラーが発生: 'Sample type'
2025-01-02 15:16:32,253 - src.config - ERROR - ファイルデータ処理中にエラーが発生: 'Sample type'
2025-01-02 15:16:32,253 - src.config - ERROR - ファイルデータ処理中にエラーが発生: 'Sample type'
2025-01-02 15:16:32,253 - src.config - ERROR - ファイルデータ処理中にエラーが発生: 'Sample type'
2025-01-02 15:16:32,253 - src.config - ERROR - ファイルデータ処理中にエラーが発生: 'Sample type'
2025-01-02 15:16:32,253 - src.config - ERROR - ファイルデータ処理中にエラーが発生: 'Sample type'
2025-01-02 15:16:32,253 - src.config - ERROR - ファイルデータ処理中にエラーが発生: 'Sample type'
2025-01-02 15:16:32,253 - src.config - ERROR - ファイルデータ処理中にエラーが発生: 'Sample type'
2025-01-02 15:16:32,253 - src.config - ERROR - ファイルデータ処理中にエラーが発生: 'Sample type'
2025-01-02 15:16:32,253 - src.config - ERROR - ファイルデータ処理中にエラーが発生: 'Sample type'
2025-01-02 15:16:32,253 - src.config - ERROR - ファイルデータ処理中にエラーが発生: 'Sample type'
2025-01-02 15:16:32,253 - src.config - ERROR - ファイルデータ処理中にエラーが発生: 'Sample type'
2025-01-02 15:16:32,253 - src.config - ERROR - ファイルデータ処理中にエラーが発生: 'Sample type'
2025-01-02 15:16:32,253 - src.config - ERROR - ファイルデータ処理中にエラーが発生: 'Sample type'
2025-01-02 15:16:32,345 - src.config - ERROR - アプリケーション実行中にエラーが発生: 'Sample type'
2025-01-02 15:16:32,345 - src.config - ERROR - アプリケーション実行中にエラーが発生: 'Sample type'
2025-01-02 15:16:32,345 - src.config - ERROR - アプリケーション実行中にエラーが発生: 'Sample type'
2025-01-02 15:16:32,345 - src.config - ERROR - アプリケーション実行中にエラーが発生: 'Sample type'
2025-01-02 15:16:32,345 - src.config - ERROR - アプリケーション実行中にエラーが発生: 'Sample type'
2025-01-02 15:16:32,345 - src.config - ERROR - アプリケーション実行中にエラーが発生: 'Sample type'
2025-01-02 15:16:32,345 - src.config - ERROR - アプリケーション実行中にエラーが発生: 'Sample type'
2025-01-02 15:16:32,345 - src.config - ERROR - アプリケーション実行中にエラーが発生: 'Sample type'
2025-01-02 15:16:32,345 - src.config - ERROR - アプリケーション実行中にエラーが発生: 'Sample type'
2025-01-02 15:16:32,345 - src.config - ERROR - アプリケーション実行中にエラーが発生: 'Sample type'
2025-01-02 15:16:32,345 - src.config - ERROR - アプリケーション実行中にエラーが発生: 'Sample type'
2025-01-02 15:16:32,345 - src.config - ERROR - アプリケーション実行中にエラーが発生: 'Sample type'
2025-01-02 15:16:32,345 - src.config - ERROR - アプリケーション実行中にエラーが発生: 'Sample type'
2025-01-02 15:16:32,345 - src.config - ERROR - アプリケーション実行中にエラーが発生: 'Sample type'
2025-01-02 15:16:32,345 - src.config - ERROR - アプリケーション実行中にエラーが発生: 'Sample type'
2025-01-02 15:16:32,345 - src.config - ERROR - アプリケーション実行中にエラーが発生: 'Sample type'
2025-01-02 15:16:32,345 - src.config - ERROR - アプリケーション実行中にエラーが発生: 'Sample type'
2025-01-02 15:16:32,345 - src.config - ERROR - アプリケーション実行中にエラーが発生: 'Sample type'
2025-01-02 15:16:32,345 - src.config - ERROR - アプリケーション実行中にエラーが発生: 'Sample type'
2025-01-02 15:16:32,345 - src.config - ERROR - アプリケーション実行中にエラーが発生: 'Sample type'
2025-01-02 15:16:32,345 - src.config - ERROR - アプリケーション実行中にエラーが発生: 'Sample type'
2025-01-02 15:16:32,345 - src.config - ERROR - アプリケーション実行中にエラーが発生: 'Sample type'
2025-01-02 15:16:47,510 - src.config - ERROR - ファイルデータ処理中にエラーが発生: 'Sample type'
2025-01-02 15:16:47,510 - src.config - ERROR - ファイルデータ処理中にエラーが発生: 'Sample type'
2025-01-02 15:16:47,510 - src.config - ERROR - ファイルデータ処理中にエラーが発生: 'Sample type'
2025-01-02 15:16:47,510 - src.config - ERROR - ファイルデータ処理中にエラーが発生: 'Sample type'
2025-01-02 15:16:47,510 - src.config - ERROR - ファイルデータ処理中にエラーが発生: 'Sample type'
2025-01-02 15:16:47,510 - src.config - ERROR - ファイルデータ処理中にエラーが発生: 'Sample type'
2025-01-02 15:16:47,510 - src.config - ERROR - ファイルデータ処理中にエラーが発生: 'Sample type'
2025-01-02 15:16:47,510 - src.config - ERROR - ファイルデータ処理中にエラーが発生: 'Sample type'
2025-01-02 15:16:47,510 - src.config - ERROR - ファイルデータ処理中にエラーが発生: 'Sample type'
2025-01-02 15:16:47,510 - src.config - ERROR - ファイルデータ処理中にエラーが発生: 'Sample type'
2025-01-02 15:16:47,510 - src.config - ERROR - ファイルデータ処理中にエラーが発生: 'Sample type'
2025-01-02 15:16:47,510 - src.config - ERROR - ファイルデータ処理中にエラーが発生: 'Sample type'
2025-01-02 15:16:47,510 - src.config - ERROR - ファイルデータ処理中にエラーが発生: 'Sample type'
2025-01-02 15:16:47,510 - src.config - ERROR - ファイルデータ処理中にエラーが発生: 'Sample type'
2025-01-02 15:16:47,510 - src.config - ERROR - ファイルデータ処理中にエラーが発生: 'Sample type'
2025-01-02 15:16:47,510 - src.config - ERROR - ファイルデータ処理中にエラーが発生: 'Sample type'
2025-01-02 15:16:47,510 - src.config - ERROR - ファイルデータ処理中にエラーが発生: 'Sample type'
2025-01-02 15:16:47,510 - src.config - ERROR - ファイルデータ処理中にエラーが発生: 'Sample type'
2025-01-02 15:16:47,510 - src.config - ERROR - ファイルデータ処理中にエラーが発生: 'Sample type'
2025-01-02 15:16:47,510 - src.config - ERROR - ファイルデータ処理中にエラーが発生: 'Sample type'
2025-01-02 15:16:47,510 - src.config - ERROR - ファイルデータ処理中にエラーが発生: 'Sample type'
2025-01-02 15:16:47,510 - src.config - ERROR - ファイルデータ処理中にエラーが発生: 'Sample type'
2025-01-02 15:16:47,510 - src.config - ERROR - ファイルデータ処理中にエラーが発生: 'Sample type'
2025-01-02 15:16:47,559 - src.config - ERROR - アプリケーション実行中にエラーが発生: 'Sample type'
2025-01-02 15:16:47,559 - src.config - ERROR - アプリケーション実行中にエラーが発生: 'Sample type'
2025-01-02 15:16:47,559 - src.config - ERROR - アプリケーション実行中にエラーが発生: 'Sample type'
2025-01-02 15:16:47,559 - src.config - ERROR - アプリケーション実行中にエラーが発生: 'Sample type'
2025-01-02 15:16:47,559 - src.config - ERROR - アプリケーション実行中にエラーが発生: 'Sample type'
2025-01-02 15:16:47,559 - src.config - ERROR - アプリケーション実行中にエラーが発生: 'Sample type'
2025-01-02 15:16:47,559 - src.config - ERROR - アプリケーション実行中にエラーが発生: 'Sample type'
2025-01-02 15:16:47,559 - src.config - ERROR - アプリケーション実行中にエラーが発生: 'Sample type'
2025-01-02 15:16:47,559 - src.config - ERROR - アプリケーション実行中にエラーが発生: 'Sample type'
2025-01-02 15:16:47,559 - src.config - ERROR - アプリケーション実行中にエラーが発生: 'Sample type'
2025-01-02 15:16:47,559 - src.config - ERROR - アプリケーション実行中にエラーが発生: 'Sample type'
2025-01-02 15:16:47,559 - src.config - ERROR - アプリケーション実行中にエラーが発生: 'Sample type'
2025-01-02 15:16:47,559 - src.config - ERROR - アプリケーション実行中にエラーが発生: 'Sample type'
2025-01-02 15:16:47,559 - src.config - ERROR - アプリケーション実行中にエラーが発生: 'Sample type'
2025-01-02 15:16:47,559 - src.config - ERROR - アプリケーション実行中にエラーが発生: 'Sample type'
2025-01-02 15:16:47,559 - src.config - ERROR - アプリケーション実行中にエラーが発生: 'Sample type'
2025-01-02 15:16:47,559 - src.config - ERROR - アプリケーション実行中にエラーが発生: 'Sample type'
2025-01-02 15:16:47,559 - src.config - ERROR - アプリケーション実行中にエラーが発生: 'Sample type'
2025-01-02 15:16:47,559 - src.config - ERROR - アプリケーション実行中にエラーが発生: 'Sample type'
2025-01-02 15:16:47,559 - src.config - ERROR - アプリケーション実行中にエラーが発生: 'Sample type'
2025-01-02 15:16:47,559 - src.config - ERROR - アプリケーション実行中にエラーが発生: 'Sample type'
2025-01-02 15:16:47,559 - src.config - ERROR - アプリケーション実行中にエラーが発生: 'Sample type'
2025-01-02 15:16:47,559 - src.config - ERROR - アプリケーション実行中にエラーが発生: 'Sample type'
2025-01-02 15:16:56,486 - src.config - ERROR - ファイルデータ処理中にエラーが発生: 'Sample type'
2025-01-02 15:16:56,486 - src.config - ERROR - ファイルデータ処理中にエラーが発生: 'Sample type'
2025-01-02 15:16:56,486 - src.config - ERROR - ファイルデータ処理中にエラーが発生: 'Sample type'
2025-01-02 15:16:56,486 - src.config - ERROR - ファイルデータ処理中にエラーが発生: 'Sample type'
2025-01-02 15:16:56,486 - src.config - ERROR - ファイルデータ処理中にエラーが発生: 'Sample type'
2025-01-02 15:16:56,486 - src.config - ERROR - ファイルデータ処理中にエラーが発生: 'Sample type'
2025-01-02 15:16:56,486 - src.config - ERROR - ファイルデータ処理中にエラーが発生: 'Sample type'
2025-01-02 15:16:56,486 - src.config - ERROR - ファイルデータ処理中にエラーが発生: 'Sample type'
2025-01-02 15:16:56,486 - src.config - ERROR - ファイルデータ処理中にエラーが発生: 'Sample type'
2025-01-02 15:16:56,486 - src.config - ERROR - ファイルデータ処理中にエラーが発生: 'Sample type'
2025-01-02 15:16:56,486 - src.config - ERROR - ファイルデータ処理中にエラーが発生: 'Sample type'
2025-01-02 15:16:56,486 - src.config - ERROR - ファイルデータ処理中にエラーが発生: 'Sample type'
2025-01-02 15:16:56,486 - src.config - ERROR - ファイルデータ処理中にエラーが発生: 'Sample type'
2025-01-02 15:16:56,486 - src.config - ERROR - ファイルデータ処理中にエラーが発生: 'Sample type'
2025-01-02 15:16:56,486 - src.config - ERROR - ファイルデータ処理中にエラーが発生: 'Sample type'
2025-01-02 15:16:56,486 - src.config - ERROR - ファイルデータ処理中にエラーが発生: 'Sample type'
2025-01-02 15:16:56,486 - src.config - ERROR - ファイルデータ処理中にエラーが発生: 'Sample type'
2025-01-02 15:16:56,486 - src.config - ERROR - ファイルデータ処理中にエラーが発生: 'Sample type'
2025-01-02 15:16:56,486 - src.config - ERROR - ファイルデータ処理中にエラーが発生: 'Sample type'
2025-01-02 15:16:56,486 - src.config - ERROR - ファイルデータ処理中にエラーが発生: 'Sample type'
2025-01-02 15:16:56,486 - src.config - ERROR - ファイルデータ処理中にエラーが発生: 'Sample type'
2025-01-02 15:16:56,486 - src.config - ERROR - ファイルデータ処理中にエラーが発生: 'Sample type'
2025-01-02 15:16:56,486 - src.config - ERROR - ファイルデータ処理中にエラーが発生: 'Sample type'
2025-01-02 15:16:56,486 - src.config - ERROR - ファイルデータ処理中にエラーが発生: 'Sample type'
2025-01-02 15:16:56,565 - src.config - ERROR - アプリケーション実行中にエラーが発生: 'Sample type'
2025-01-02 15:16:56,565 - src.config - ERROR - アプリケーション実行中にエラーが発生: 'Sample type'
2025-01-02 15:16:56,565 - src.config - ERROR - アプリケーション実行中にエラーが発生: 'Sample type'
2025-01-02 15:16:56,565 - src.config - ERROR - アプリケーション実行中にエラーが発生: 'Sample type'
2025-01-02 15:16:56,565 - src.config - ERROR - アプリケーション実行中にエラーが発生: 'Sample type'
2025-01-02 15:16:56,565 - src.config - ERROR - アプリケーション実行中にエラーが発生: 'Sample type'
2025-01-02 15:16:56,565 - src.config - ERROR - アプリケーション実行中にエラーが発生: 'Sample type'
2025-01-02 15:16:56,565 - src.config - ERROR - アプリケーション実行中にエラーが発生: 'Sample type'
2025-01-02 15:16:56,565 - src.config - ERROR - アプリケーション実行中にエラーが発生: 'Sample type'
2025-01-02 15:16:56,565 - src.config - ERROR - アプリケーション実行中にエラーが発生: 'Sample type'
2025-01-02 15:16:56,565 - src.config - ERROR - アプリケーション実行中にエラーが発生: 'Sample type'
2025-01-02 15:16:56,565 - src.config - ERROR - アプリケーション実行中にエラーが発生: 'Sample type'
2025-01-02 15:16:56,565 - src.config - ERROR - アプリケーション実行中にエラーが発生: 'Sample type'
2025-01-02 15:16:56,565 - src.config - ERROR - アプリケーション実行中にエラーが発生: 'Sample type'
2025-01-02 15:16:56,565 - src.config - ERROR - アプリケーション実行中にエラーが発生: 'Sample type'
2025-01-02 15:16:56,565 - src.config - ERROR - アプリケーション実行中にエラーが発生: 'Sample type'
2025-01-02 15:16:56,565 - src.config - ERROR - アプリケーション実行中にエラーが発生: 'Sample type'
2025-01-02 15:16:56,565 - src.config - ERROR - アプリケーション実行中にエラーが発生: 'Sample type'
2025-01-02 15:16:56,565 - src.config - ERROR - アプリケーション実行中にエラーが発生: 'Sample type'
2025-01-02 15:16:56,565 - src.config - ERROR - アプリケーション実行中にエラーが発生: 'Sample type'
2025-01-02 15:16:56,565 - src.config - ERROR - アプリケーション実行中にエラーが発生: 'Sample type'
2025-01-02 15:16:56,565 - src.config - ERROR - アプリケーション実行中にエラーが発生: 'Sample type'
2025-01-02 15:16:56,565 - src.config - ERROR - アプリケーション実行中にエラーが発生: 'Sample type'
2025-01-02 15:16:56,565 - src.config - ERROR - アプリケーション実行中にエラーが発生: 'Sample type'
2025-01-02 15:18:54,357 - src.config - ERROR - ファイルデータ処理中にエラーが発生: 'Sample type'
2025-01-02 15:18:54,357 - src.config - ERROR - ファイルデータ処理中にエラーが発生: 'Sample type'
2025-01-02 15:18:54,357 - src.config - ERROR - ファイルデータ処理中にエラーが発生: 'Sample type'
2025-01-02 15:18:54,357 - src.config - ERROR - ファイルデータ処理中にエラーが発生: 'Sample type'
2025-01-02 15:18:54,357 - src.config - ERROR - ファイルデータ処理中にエラーが発生: 'Sample type'
2025-01-02 15:18:54,357 - src.config - ERROR - ファイルデータ処理中にエラーが発生: 'Sample type'
2025-01-02 15:18:54,357 - src.config - ERROR - ファイルデータ処理中にエラーが発生: 'Sample type'
2025-01-02 15:18:54,357 - src.config - ERROR - ファイルデータ処理中にエラーが発生: 'Sample type'
2025-01-02 15:18:54,357 - src.config - ERROR - ファイルデータ処理中にエラーが発生: 'Sample type'
2025-01-02 15:18:54,357 - src.config - ERROR - ファイルデータ処理中にエラーが発生: 'Sample type'
2025-01-02 15:18:54,357 - src.config - ERROR - ファイルデータ処理中にエラーが発生: 'Sample type'
2025-01-02 15:18:54,357 - src.config - ERROR - ファイルデータ処理中にエラーが発生: 'Sample type'
2025-01-02 15:18:54,357 - src.config - ERROR - ファイルデータ処理中にエラーが発生: 'Sample type'
2025-01-02 15:18:54,357 - src.config - ERROR - ファイルデータ処理中にエラーが発生: 'Sample type'
2025-01-02 15:18:54,357 - src.config - ERROR - ファイルデータ処理中にエラーが発生: 'Sample type'
2025-01-02 15:18:54,357 - src.config - ERROR - ファイルデータ処理中にエラーが発生: 'Sample type'
2025-01-02 15:18:54,357 - src.config - ERROR - ファイルデータ処理中にエラーが発生: 'Sample type'
2025-01-02 15:18:54,357 - src.config - ERROR - ファイルデータ処理中にエラーが発生: 'Sample type'
2025-01-02 15:18:54,357 - src.config - ERROR - ファイルデータ処理中にエラーが発生: 'Sample type'
2025-01-02 15:18:54,357 - src.config - ERROR - ファイルデータ処理中にエラーが発生: 'Sample type'
2025-01-02 15:18:54,357 - src.config - ERROR - ファイルデータ処理中にエラーが発生: 'Sample type'
2025-01-02 15:18:54,357 - src.config - ERROR - ファイルデータ処理中にエラーが発生: 'Sample type'
2025-01-02 15:18:54,357 - src.config - ERROR - ファイルデータ処理中にエラーが発生: 'Sample type'
2025-01-02 15:18:54,357 - src.config - ERROR - ファイルデータ処理中にエラーが発生: 'Sample type'
2025-01-02 15:18:54,357 - src.config - ERROR - ファイルデータ処理中にエラーが発生: 'Sample type'
2025-01-02 15:18:54,563 - src.config - ERROR - アプリケーション実行中にエラーが発生: 'Sample type'
2025-01-02 15:18:54,563 - src.config - ERROR - アプリケーション実行中にエラーが発生: 'Sample type'
2025-01-02 15:18:54,563 - src.config - ERROR - アプリケーション実行中にエラーが発生: 'Sample type'
2025-01-02 15:18:54,563 - src.config - ERROR - アプリケーション実行中にエラーが発生: 'Sample type'
2025-01-02 15:18:54,563 - src.config - ERROR - アプリケーション実行中にエラーが発生: 'Sample type'
2025-01-02 15:18:54,563 - src.config - ERROR - アプリケーション実行中にエラーが発生: 'Sample type'
2025-01-02 15:18:54,563 - src.config - ERROR - アプリケーション実行中にエラーが発生: 'Sample type'
2025-01-02 15:18:54,563 - src.config - ERROR - アプリケーション実行中にエラーが発生: 'Sample type'
2025-01-02 15:18:54,563 - src.config - ERROR - アプリケーション実行中にエラーが発生: 'Sample type'
2025-01-02 15:18:54,563 - src.config - ERROR - アプリケーション実行中にエラーが発生: 'Sample type'
2025-01-02 15:18:54,563 - src.config - ERROR - アプリケーション実行中にエラーが発生: 'Sample type'
2025-01-02 15:18:54,563 - src.config - ERROR - アプリケーション実行中にエラーが発生: 'Sample type'
2025-01-02 15:18:54,563 - src.config - ERROR - アプリケーション実行中にエラーが発生: 'Sample type'
2025-01-02 15:18:54,563 - src.config - ERROR - アプリケーション実行中にエラーが発生: 'Sample type'
2025-01-02 15:18:54,563 - src.config - ERROR - アプリケーション実行中にエラーが発生: 'Sample type'
2025-01-02 15:18:54,563 - src.config - ERROR - アプリケーション実行中にエラーが発生: 'Sample type'
2025-01-02 15:18:54,563 - src.config - ERROR - アプリケーション実行中にエラーが発生: 'Sample type'
2025-01-02 15:18:54,563 - src.config - ERROR - アプリケーション実行中にエラーが発生: 'Sample type'
2025-01-02 15:18:54,563 - src.config - ERROR - アプリケーション実行中にエラーが発生: 'Sample type'
2025-01-02 15:18:54,563 - src.config - ERROR - アプリケーション実行中にエラーが発生: 'Sample type'
2025-01-02 15:18:54,563 - src.config - ERROR - アプリケーション実行中にエラーが発生: 'Sample type'
2025-01-02 15:18:54,563 - src.config - ERROR - アプリケーション実行中にエラーが発生: 'Sample type'
2025-01-02 15:18:54,563 - src.config - ERROR - アプリケーション実行中にエラーが発生: 'Sample type'
2025-01-02 15:18:54,563 - src.config - ERROR - アプリケーション実行中にエラーが発生: 'Sample type'
2025-01-02 15:18:54,563 - src.config - ERROR - アプリケーション実行中にエラーが発生: 'Sample type'
2025-01-02 15:19:00,231 - src.config - ERROR - ファイルデータ処理中にエラーが発生: 'Sample type'
2025-01-02 15:19:00,231 - src.config - ERROR - ファイルデータ処理中にエラーが発生: 'Sample type'
2025-01-02 15:19:00,231 - src.config - ERROR - ファイルデータ処理中にエラーが発生: 'Sample type'
2025-01-02 15:19:00,231 - src.config - ERROR - ファイルデータ処理中にエラーが発生: 'Sample type'
2025-01-02 15:19:00,231 - src.config - ERROR - ファイルデータ処理中にエラーが発生: 'Sample type'
2025-01-02 15:19:00,231 - src.config - ERROR - ファイルデータ処理中にエラーが発生: 'Sample type'
2025-01-02 15:19:00,231 - src.config - ERROR - ファイルデータ処理中にエラーが発生: 'Sample type'
2025-01-02 15:19:00,231 - src.config - ERROR - ファイルデータ処理中にエラーが発生: 'Sample type'
2025-01-02 15:19:00,231 - src.config - ERROR - ファイルデータ処理中にエラーが発生: 'Sample type'
2025-01-02 15:19:00,231 - src.config - ERROR - ファイルデータ処理中にエラーが発生: 'Sample type'
2025-01-02 15:19:00,231 - src.config - ERROR - ファイルデータ処理中にエラーが発生: 'Sample type'
2025-01-02 15:19:00,231 - src.config - ERROR - ファイルデータ処理中にエラーが発生: 'Sample type'
2025-01-02 15:19:00,231 - src.config - ERROR - ファイルデータ処理中にエラーが発生: 'Sample type'
2025-01-02 15:19:00,231 - src.config - ERROR - ファイルデータ処理中にエラーが発生: 'Sample type'
2025-01-02 15:19:00,231 - src.config - ERROR - ファイルデータ処理中にエラーが発生: 'Sample type'
2025-01-02 15:19:00,231 - src.config - ERROR - ファイルデータ処理中にエラーが発生: 'Sample type'
2025-01-02 15:19:00,231 - src.config - ERROR - ファイルデータ処理中にエラーが発生: 'Sample type'
2025-01-02 15:19:00,231 - src.config - ERROR - ファイルデータ処理中にエラーが発生: 'Sample type'
2025-01-02 15:19:00,231 - src.config - ERROR - ファイルデータ処理中にエラーが発生: 'Sample type'
2025-01-02 15:19:00,231 - src.config - ERROR - ファイルデータ処理中にエラーが発生: 'Sample type'
2025-01-02 15:19:00,231 - src.config - ERROR - ファイルデータ処理中にエラーが発生: 'Sample type'
2025-01-02 15:19:00,231 - src.config - ERROR - ファイルデータ処理中にエラーが発生: 'Sample type'
2025-01-02 15:19:00,231 - src.config - ERROR - ファイルデータ処理中にエラーが発生: 'Sample type'
2025-01-02 15:19:00,231 - src.config - ERROR - ファイルデータ処理中にエラーが発生: 'Sample type'
2025-01-02 15:19:00,231 - src.config - ERROR - ファイルデータ処理中にエラーが発生: 'Sample type'
2025-01-02 15:19:00,231 - src.config - ERROR - ファイルデータ処理中にエラーが発生: 'Sample type'
2025-01-02 15:19:00,348 - src.config - ERROR - アプリケーション実行中にエラーが発生: 'Sample type'
2025-01-02 15:19:00,348 - src.config - ERROR - アプリケーション実行中にエラーが発生: 'Sample type'
2025-01-02 15:19:00,348 - src.config - ERROR - アプリケーション実行中にエラーが発生: 'Sample type'
2025-01-02 15:19:00,348 - src.config - ERROR - アプリケーション実行中にエラーが発生: 'Sample type'
2025-01-02 15:19:00,348 - src.config - ERROR - アプリケーション実行中にエラーが発生: 'Sample type'
2025-01-02 15:19:00,348 - src.config - ERROR - アプリケーション実行中にエラーが発生: 'Sample type'
2025-01-02 15:19:00,348 - src.config - ERROR - アプリケーション実行中にエラーが発生: 'Sample type'
2025-01-02 15:19:00,348 - src.config - ERROR - アプリケーション実行中にエラーが発生: 'Sample type'
2025-01-02 15:19:00,348 - src.config - ERROR - アプリケーション実行中にエラーが発生: 'Sample type'
2025-01-02 15:19:00,348 - src.config - ERROR - アプリケーション実行中にエラーが発生: 'Sample type'
2025-01-02 15:19:00,348 - src.config - ERROR - アプリケーション実行中にエラーが発生: 'Sample type'
2025-01-02 15:19:00,348 - src.config - ERROR - アプリケーション実行中にエラーが発生: 'Sample type'
2025-01-02 15:19:00,348 - src.config - ERROR - アプリケーション実行中にエラーが発生: 'Sample type'
2025-01-02 15:19:00,348 - src.config - ERROR - アプリケーション実行中にエラーが発生: 'Sample type'
2025-01-02 15:19:00,348 - src.config - ERROR - アプリケーション実行中にエラーが発生: 'Sample type'
2025-01-02 15:19:00,348 - src.config - ERROR - アプリケーション実行中にエラーが発生: 'Sample type'
2025-01-02 15:19:00,348 - src.config - ERROR - アプリケーション実行中にエラーが発生: 'Sample type'
2025-01-02 15:19:00,348 - src.config - ERROR - アプリケーション実行中にエラーが発生: 'Sample type'
2025-01-02 15:19:00,348 - src.config - ERROR - アプリケーション実行中にエラーが発生: 'Sample type'
2025-01-02 15:19:00,348 - src.config - ERROR - アプリケーション実行中にエラーが発生: 'Sample type'
2025-01-02 15:19:00,348 - src.config - ERROR - アプリケーション実行中にエラーが発生: 'Sample type'
2025-01-02 15:19:00,348 - src.config - ERROR - アプリケーション実行中にエラーが発生: 'Sample type'
2025-01-02 15:19:00,348 - src.config - ERROR - アプリケーション実行中にエラーが発生: 'Sample type'
2025-01-02 15:19:00,348 - src.config - ERROR - アプリケーション実行中にエラーが発生: 'Sample type'
2025-01-02 15:19:00,348 - src.config - ERROR - アプリケーション実行中にエラーが発生: 'Sample type'
2025-01-02 15:19:00,348 - src.config - ERROR - アプリケーション実行中にエラーが発生: 'Sample type'
2025-01-02 15:19:11,714 - src.config - ERROR - ファイルデータ処理中にエラーが発生: 'Sample type'
2025-01-02 15:19:11,714 - src.config - ERROR - ファイルデータ処理中にエラーが発生: 'Sample type'
2025-01-02 15:19:11,714 - src.config - ERROR - ファイルデータ処理中にエラーが発生: 'Sample type'
2025-01-02 15:19:11,714 - src.config - ERROR - ファイルデータ処理中にエラーが発生: 'Sample type'
2025-01-02 15:19:11,714 - src.config - ERROR - ファイルデータ処理中にエラーが発生: 'Sample type'
2025-01-02 15:19:11,714 - src.config - ERROR - ファイルデータ処理中にエラーが発生: 'Sample type'
2025-01-02 15:19:11,714 - src.config - ERROR - ファイルデータ処理中にエラーが発生: 'Sample type'
2025-01-02 15:19:11,714 - src.config - ERROR - ファイルデータ処理中にエラーが発生: 'Sample type'
2025-01-02 15:19:11,714 - src.config - ERROR - ファイルデータ処理中にエラーが発生: 'Sample type'
2025-01-02 15:19:11,714 - src.config - ERROR - ファイルデータ処理中にエラーが発生: 'Sample type'
2025-01-02 15:19:11,714 - src.config - ERROR - ファイルデータ処理中にエラーが発生: 'Sample type'
2025-01-02 15:19:11,714 - src.config - ERROR - ファイルデータ処理中にエラーが発生: 'Sample type'
2025-01-02 15:19:11,714 - src.config - ERROR - ファイルデータ処理中にエラーが発生: 'Sample type'
2025-01-02 15:19:11,714 - src.config - ERROR - ファイルデータ処理中にエラーが発生: 'Sample type'
2025-01-02 15:19:11,714 - src.config - ERROR - ファイルデータ処理中にエラーが発生: 'Sample type'
2025-01-02 15:19:11,714 - src.config - ERROR - ファイルデータ処理中にエラーが発生: 'Sample type'
2025-01-02 15:19:11,714 - src.config - ERROR - ファイルデータ処理中にエラーが発生: 'Sample type'
2025-01-02 15:19:11,714 - src.config - ERROR - ファイルデータ処理中にエラーが発生: 'Sample type'
2025-01-02 15:19:11,714 - src.config - ERROR - ファイルデータ処理中にエラーが発生: 'Sample type'
2025-01-02 15:19:11,714 - src.config - ERROR - ファイルデータ処理中にエラーが発生: 'Sample type'
2025-01-02 15:19:11,714 - src.config - ERROR - ファイルデータ処理中にエラーが発生: 'Sample type'
2025-01-02 15:19:11,714 - src.config - ERROR - ファイルデータ処理中にエラーが発生: 'Sample type'
2025-01-02 15:19:11,714 - src.config - ERROR - ファイルデータ処理中にエラーが発生: 'Sample type'
2025-01-02 15:19:11,714 - src.config - ERROR - ファイルデータ処理中にエラーが発生: 'Sample type'
2025-01-02 15:19:11,714 - src.config - ERROR - ファイルデータ処理中にエラーが発生: 'Sample type'
2025-01-02 15:19:11,714 - src.config - ERROR - ファイルデータ処理中にエラーが発生: 'Sample type'
2025-01-02 15:19:11,714 - src.config - ERROR - ファイルデータ処理中にエラーが発生: 'Sample type'
2025-01-02 15:19:11,841 - src.config - ERROR - アプリケーション実行中にエラーが発生: 'Sample type'
2025-01-02 15:19:11,841 - src.config - ERROR - アプリケーション実行中にエラーが発生: 'Sample type'
2025-01-02 15:19:11,841 - src.config - ERROR - アプリケーション実行中にエラーが発生: 'Sample type'
2025-01-02 15:19:11,841 - src.config - ERROR - アプリケーション実行中にエラーが発生: 'Sample type'
2025-01-02 15:19:11,841 - src.config - ERROR - アプリケーション実行中にエラーが発生: 'Sample type'
2025-01-02 15:19:11,841 - src.config - ERROR - アプリケーション実行中にエラーが発生: 'Sample type'
2025-01-02 15:19:11,841 - src.config - ERROR - アプリケーション実行中にエラーが発生: 'Sample type'
2025-01-02 15:19:11,841 - src.config - ERROR - アプリケーション実行中にエラーが発生: 'Sample type'
2025-01-02 15:19:11,841 - src.config - ERROR - アプリケーション実行中にエラーが発生: 'Sample type'
2025-01-02 15:19:11,841 - src.config - ERROR - アプリケーション実行中にエラーが発生: 'Sample type'
2025-01-02 15:19:11,841 - src.config - ERROR - アプリケーション実行中にエラーが発生: 'Sample type'
2025-01-02 15:19:11,841 - src.config - ERROR - アプリケーション実行中にエラーが発生: 'Sample type'
2025-01-02 15:19:11,841 - src.config - ERROR - アプリケーション実行中にエラーが発生: 'Sample type'
2025-01-02 15:19:11,841 - src.config - ERROR - アプリケーション実行中にエラーが発生: 'Sample type'
2025-01-02 15:19:11,841 - src.config - ERROR - アプリケーション実行中にエラーが発生: 'Sample type'
2025-01-02 15:19:11,841 - src.config - ERROR - アプリケーション実行中にエラーが発生: 'Sample type'
2025-01-02 15:19:11,841 - src.config - ERROR - アプリケーション実行中にエラーが発生: 'Sample type'
2025-01-02 15:19:11,841 - src.config - ERROR - アプリケーション実行中にエラーが発生: 'Sample type'
2025-01-02 15:19:11,841 - src.config - ERROR - アプリケーション実行中にエラーが発生: 'Sample type'
2025-01-02 15:19:11,841 - src.config - ERROR - アプリケーション実行中にエラーが発生: 'Sample type'
2025-01-02 15:19:11,841 - src.config - ERROR - アプリケーション実行中にエラーが発生: 'Sample type'
2025-01-02 15:19:11,841 - src.config - ERROR - アプリケーション実行中にエラーが発生: 'Sample type'
2025-01-02 15:19:11,841 - src.config - ERROR - アプリケーション実行中にエラーが発生: 'Sample type'
2025-01-02 15:19:11,841 - src.config - ERROR - アプリケーション実行中にエラーが発生: 'Sample type'
2025-01-02 15:19:11,841 - src.config - ERROR - アプリケーション実行中にエラーが発生: 'Sample type'
2025-01-02 15:19:11,841 - src.config - ERROR - アプリケーション実行中にエラーが発生: 'Sample type'
2025-01-02 15:19:11,841 - src.config - ERROR - アプリケーション実行中にエラーが発生: 'Sample type'
2025-01-02 15:19:15,951 - src.config - ERROR - ファイルデータ処理中にエラーが発生: 'Sample type'
2025-01-02 15:19:15,951 - src.config - ERROR - ファイルデータ処理中にエラーが発生: 'Sample type'
2025-01-02 15:19:15,951 - src.config - ERROR - ファイルデータ処理中にエラーが発生: 'Sample type'
2025-01-02 15:19:15,951 - src.config - ERROR - ファイルデータ処理中にエラーが発生: 'Sample type'
2025-01-02 15:19:15,951 - src.config - ERROR - ファイルデータ処理中にエラーが発生: 'Sample type'
2025-01-02 15:19:15,951 - src.config - ERROR - ファイルデータ処理中にエラーが発生: 'Sample type'
2025-01-02 15:19:15,951 - src.config - ERROR - ファイルデータ処理中にエラーが発生: 'Sample type'
2025-01-02 15:19:15,951 - src.config - ERROR - ファイルデータ処理中にエラーが発生: 'Sample type'
2025-01-02 15:19:15,951 - src.config - ERROR - ファイルデータ処理中にエラーが発生: 'Sample type'
2025-01-02 15:19:15,951 - src.config - ERROR - ファイルデータ処理中にエラーが発生: 'Sample type'
2025-01-02 15:19:15,951 - src.config - ERROR - ファイルデータ処理中にエラーが発生: 'Sample type'
2025-01-02 15:19:15,951 - src.config - ERROR - ファイルデータ処理中にエラーが発生: 'Sample type'
2025-01-02 15:19:15,951 - src.config - ERROR - ファイルデータ処理中にエラーが発生: 'Sample type'
2025-01-02 15:19:15,951 - src.config - ERROR - ファイルデータ処理中にエラーが発生: 'Sample type'
2025-01-02 15:19:15,951 - src.config - ERROR - ファイルデータ処理中にエラーが発生: 'Sample type'
2025-01-02 15:19:15,951 - src.config - ERROR - ファイルデータ処理中にエラーが発生: 'Sample type'
2025-01-02 15:19:15,951 - src.config - ERROR - ファイルデータ処理中にエラーが発生: 'Sample type'
2025-01-02 15:19:15,951 - src.config - ERROR - ファイルデータ処理中にエラーが発生: 'Sample type'
2025-01-02 15:19:15,951 - src.config - ERROR - ファイルデータ処理中にエラーが発生: 'Sample type'
2025-01-02 15:19:15,951 - src.config - ERROR - ファイルデータ処理中にエラーが発生: 'Sample type'
2025-01-02 15:19:15,951 - src.config - ERROR - ファイルデータ処理中にエラーが発生: 'Sample type'
2025-01-02 15:19:15,951 - src.config - ERROR - ファイルデータ処理中にエラーが発生: 'Sample type'
2025-01-02 15:19:15,951 - src.config - ERROR - ファイルデータ処理中にエラーが発生: 'Sample type'
2025-01-02 15:19:15,951 - src.config - ERROR - ファイルデータ処理中にエラーが発生: 'Sample type'
2025-01-02 15:19:15,951 - src.config - ERROR - ファイルデータ処理中にエラーが発生: 'Sample type'
2025-01-02 15:19:15,951 - src.config - ERROR - ファイルデータ処理中にエラーが発生: 'Sample type'
2025-01-02 15:19:15,951 - src.config - ERROR - ファイルデータ処理中にエラーが発生: 'Sample type'
2025-01-02 15:19:15,951 - src.config - ERROR - ファイルデータ処理中にエラーが発生: 'Sample type'
2025-01-02 15:19:16,013 - src.config - ERROR - アプリケーション実行中にエラーが発生: 'Sample type'
2025-01-02 15:19:16,013 - src.config - ERROR - アプリケーション実行中にエラーが発生: 'Sample type'
2025-01-02 15:19:16,013 - src.config - ERROR - アプリケーション実行中にエラーが発生: 'Sample type'
2025-01-02 15:19:16,013 - src.config - ERROR - アプリケーション実行中にエラーが発生: 'Sample type'
2025-01-02 15:19:16,013 - src.config - ERROR - アプリケーション実行中にエラーが発生: 'Sample type'
2025-01-02 15:19:16,013 - src.config - ERROR - アプリケーション実行中にエラーが発生: 'Sample type'
2025-01-02 15:19:16,013 - src.config - ERROR - アプリケーション実行中にエラーが発生: 'Sample type'
2025-01-02 15:19:16,013 - src.config - ERROR - アプリケーション実行中にエラーが発生: 'Sample type'
2025-01-02 15:19:16,013 - src.config - ERROR - アプリケーション実行中にエラーが発生: 'Sample type'
2025-01-02 15:19:16,013 - src.config - ERROR - アプリケーション実行中にエラーが発生: 'Sample type'
2025-01-02 15:19:16,013 - src.config - ERROR - アプリケーション実行中にエラーが発生: 'Sample type'
2025-01-02 15:19:16,013 - src.config - ERROR - アプリケーション実行中にエラーが発生: 'Sample type'
2025-01-02 15:19:16,013 - src.config - ERROR - アプリケーション実行中にエラーが発生: 'Sample type'
2025-01-02 15:19:16,013 - src.config - ERROR - アプリケーション実行中にエラーが発生: 'Sample type'
2025-01-02 15:19:16,013 - src.config - ERROR - アプリケーション実行中にエラーが発生: 'Sample type'
2025-01-02 15:19:16,013 - src.config - ERROR - アプリケーション実行中にエラーが発生: 'Sample type'
2025-01-02 15:19:16,013 - src.config - ERROR - アプリケーション実行中にエラーが発生: 'Sample type'
2025-01-02 15:19:16,013 - src.config - ERROR - アプリケーション実行中にエラーが発生: 'Sample type'
2025-01-02 15:19:16,013 - src.config - ERROR - アプリケーション実行中にエラーが発生: 'Sample type'
2025-01-02 15:19:16,013 - src.config - ERROR - アプリケーション実行中にエラーが発生: 'Sample type'
2025-01-02 15:19:16,013 - src.config - ERROR - アプリケーション実行中にエラーが発生: 'Sample type'
2025-01-02 15:19:16,013 - src.config - ERROR - アプリケーション実行中にエラーが発生: 'Sample type'
2025-01-02 15:19:16,013 - src.config - ERROR - アプリケーション実行中にエラーが発生: 'Sample type'
2025-01-02 15:19:16,013 - src.config - ERROR - アプリケーション実行中にエラーが発生: 'Sample type'
2025-01-02 15:19:16,013 - src.config - ERROR - アプリケーション実行中にエラーが発生: 'Sample type'
2025-01-02 15:19:16,013 - src.config - ERROR - アプリケーション実行中にエラーが発生: 'Sample type'
2025-01-02 15:19:16,013 - src.config - ERROR - アプリケーション実行中にエラーが発生: 'Sample type'
2025-01-02 15:19:16,013 - src.config - ERROR - アプリケーション実行中にエラーが発生: 'Sample type'
2025-01-02 15:20:31,911 - src.config - ERROR - ファイルデータ処理中にエラーが発生: 'Sample type'
2025-01-02 15:20:31,911 - src.config - ERROR - ファイルデータ処理中にエラーが発生: 'Sample type'
2025-01-02 15:20:31,911 - src.config - ERROR - ファイルデータ処理中にエラーが発生: 'Sample type'
2025-01-02 15:20:31,911 - src.config - ERROR - ファイルデータ処理中にエラーが発生: 'Sample type'
2025-01-02 15:20:31,911 - src.config - ERROR - ファイルデータ処理中にエラーが発生: 'Sample type'
2025-01-02 15:20:31,911 - src.config - ERROR - ファイルデータ処理中にエラーが発生: 'Sample type'
2025-01-02 15:20:31,911 - src.config - ERROR - ファイルデータ処理中にエラーが発生: 'Sample type'
2025-01-02 15:20:31,911 - src.config - ERROR - ファイルデータ処理中にエラーが発生: 'Sample type'
2025-01-02 15:20:31,911 - src.config - ERROR - ファイルデータ処理中にエラーが発生: 'Sample type'
2025-01-02 15:20:31,911 - src.config - ERROR - ファイルデータ処理中にエラーが発生: 'Sample type'
2025-01-02 15:20:31,911 - src.config - ERROR - ファイルデータ処理中にエラーが発生: 'Sample type'
2025-01-02 15:20:31,911 - src.config - ERROR - ファイルデータ処理中にエラーが発生: 'Sample type'
2025-01-02 15:20:31,911 - src.config - ERROR - ファイルデータ処理中にエラーが発生: 'Sample type'
2025-01-02 15:20:31,911 - src.config - ERROR - ファイルデータ処理中にエラーが発生: 'Sample type'
2025-01-02 15:20:31,911 - src.config - ERROR - ファイルデータ処理中にエラーが発生: 'Sample type'
2025-01-02 15:20:31,911 - src.config - ERROR - ファイルデータ処理中にエラーが発生: 'Sample type'
2025-01-02 15:20:31,911 - src.config - ERROR - ファイルデータ処理中にエラーが発生: 'Sample type'
2025-01-02 15:20:31,911 - src.config - ERROR - ファイルデータ処理中にエラーが発生: 'Sample type'
2025-01-02 15:20:31,911 - src.config - ERROR - ファイルデータ処理中にエラーが発生: 'Sample type'
2025-01-02 15:20:31,911 - src.config - ERROR - ファイルデータ処理中にエラーが発生: 'Sample type'
2025-01-02 15:20:31,911 - src.config - ERROR - ファイルデータ処理中にエラーが発生: 'Sample type'
2025-01-02 15:20:31,911 - src.config - ERROR - ファイルデータ処理中にエラーが発生: 'Sample type'
2025-01-02 15:20:31,911 - src.config - ERROR - ファイルデータ処理中にエラーが発生: 'Sample type'
2025-01-02 15:20:31,911 - src.config - ERROR - ファイルデータ処理中にエラーが発生: 'Sample type'
2025-01-02 15:20:31,911 - src.config - ERROR - ファイルデータ処理中にエラーが発生: 'Sample type'
2025-01-02 15:20:31,911 - src.config - ERROR - ファイルデータ処理中にエラーが発生: 'Sample type'
2025-01-02 15:20:31,911 - src.config - ERROR - ファイルデータ処理中にエラーが発生: 'Sample type'
2025-01-02 15:20:31,911 - src.config - ERROR - ファイルデータ処理中にエラーが発生: 'Sample type'
2025-01-02 15:20:31,990 - src.config - ERROR - アプリケーション実行中にエラーが発生: 'Sample type'
2025-01-02 15:20:31,990 - src.config - ERROR - アプリケーション実行中にエラーが発生: 'Sample type'
2025-01-02 15:20:31,990 - src.config - ERROR - アプリケーション実行中にエラーが発生: 'Sample type'
2025-01-02 15:20:31,990 - src.config - ERROR - アプリケーション実行中にエラーが発生: 'Sample type'
2025-01-02 15:20:31,990 - src.config - ERROR - アプリケーション実行中にエラーが発生: 'Sample type'
2025-01-02 15:20:31,990 - src.config - ERROR - アプリケーション実行中にエラーが発生: 'Sample type'
2025-01-02 15:20:31,990 - src.config - ERROR - アプリケーション実行中にエラーが発生: 'Sample type'
2025-01-02 15:20:31,990 - src.config - ERROR - アプリケーション実行中にエラーが発生: 'Sample type'
2025-01-02 15:20:31,990 - src.config - ERROR - アプリケーション実行中にエラーが発生: 'Sample type'
2025-01-02 15:20:31,990 - src.config - ERROR - アプリケーション実行中にエラーが発生: 'Sample type'
2025-01-02 15:20:31,990 - src.config - ERROR - アプリケーション実行中にエラーが発生: 'Sample type'
2025-01-02 15:20:31,990 - src.config - ERROR - アプリケーション実行中にエラーが発生: 'Sample type'
2025-01-02 15:20:31,990 - src.config - ERROR - アプリケーション実行中にエラーが発生: 'Sample type'
2025-01-02 15:20:31,990 - src.config - ERROR - アプリケーション実行中にエラーが発生: 'Sample type'
2025-01-02 15:20:31,990 - src.config - ERROR - アプリケーション実行中にエラーが発生: 'Sample type'
2025-01-02 15:20:31,990 - src.config - ERROR - アプリケーション実行中にエラーが発生: 'Sample type'
2025-01-02 15:20:31,990 - src.config - ERROR - アプリケーション実行中にエラーが発生: 'Sample type'
2025-01-02 15:20:31,990 - src.config - ERROR - アプリケーション実行中にエラーが発生: 'Sample type'
2025-01-02 15:20:31,990 - src.config - ERROR - アプリケーション実行中にエラーが発生: 'Sample type'
2025-01-02 15:20:31,990 - src.config - ERROR - アプリケーション実行中にエラーが発生: 'Sample type'
2025-01-02 15:20:31,990 - src.config - ERROR - アプリケーション実行中にエラーが発生: 'Sample type'
2025-01-02 15:20:31,990 - src.config - ERROR - アプリケーション実行中にエラーが発生: 'Sample type'
2025-01-02 15:20:31,990 - src.config - ERROR - アプリケーション実行中にエラーが発生: 'Sample type'
2025-01-02 15:20:31,990 - src.config - ERROR - アプリケーション実行中にエラーが発生: 'Sample type'
2025-01-02 15:20:31,990 - src.config - ERROR - アプリケーション実行中にエラーが発生: 'Sample type'
2025-01-02 15:20:31,990 - src.config - ERROR - アプリケーション実行中にエラーが発生: 'Sample type'
2025-01-02 15:20:31,990 - src.config - ERROR - アプリケーション実行中にエラーが発生: 'Sample type'
2025-01-02 15:20:31,990 - src.config - ERROR - アプリケーション実行中にエラーが発生: 'Sample type'
2025-01-02 15:21:47,074 - src.config - ERROR - ファイルデータ処理中にエラーが発生: cannot access local variable 'merged_df' where it is not associated with a value
2025-01-02 15:21:47,074 - src.config - ERROR - ファイルデータ処理中にエラーが発生: cannot access local variable 'merged_df' where it is not associated with a value
2025-01-02 15:21:47,074 - src.config - ERROR - ファイルデータ処理中にエラーが発生: cannot access local variable 'merged_df' where it is not associated with a value
2025-01-02 15:21:47,074 - src.config - ERROR - ファイルデータ処理中にエラーが発生: cannot access local variable 'merged_df' where it is not associated with a value
2025-01-02 15:21:47,074 - src.config - ERROR - ファイルデータ処理中にエラーが発生: cannot access local variable 'merged_df' where it is not associated with a value
2025-01-02 15:21:47,074 - src.config - ERROR - ファイルデータ処理中にエラーが発生: cannot access local variable 'merged_df' where it is not associated with a value
2025-01-02 15:21:47,074 - src.config - ERROR - ファイルデータ処理中にエラーが発生: cannot access local variable 'merged_df' where it is not associated with a value
2025-01-02 15:21:47,074 - src.config - ERROR - ファイルデータ処理中にエラーが発生: cannot access local variable 'merged_df' where it is not associated with a value
2025-01-02 15:21:47,074 - src.config - ERROR - ファイルデータ処理中にエラーが発生: cannot access local variable 'merged_df' where it is not associated with a value
2025-01-02 15:21:47,074 - src.config - ERROR - ファイルデータ処理中にエラーが発生: cannot access local variable 'merged_df' where it is not associated with a value
2025-01-02 15:21:47,074 - src.config - ERROR - ファイルデータ処理中にエラーが発生: cannot access local variable 'merged_df' where it is not associated with a value
2025-01-02 15:21:47,074 - src.config - ERROR - ファイルデータ処理中にエラーが発生: cannot access local variable 'merged_df' where it is not associated with a value
2025-01-02 15:21:47,074 - src.config - ERROR - ファイルデータ処理中にエラーが発生: cannot access local variable 'merged_df' where it is not associated with a value
2025-01-02 15:21:47,074 - src.config - ERROR - ファイルデータ処理中にエラーが発生: cannot access local variable 'merged_df' where it is not associated with a value
2025-01-02 15:21:47,074 - src.config - ERROR - ファイルデータ処理中にエラーが発生: cannot access local variable 'merged_df' where it is not associated with a value
2025-01-02 15:21:47,074 - src.config - ERROR - ファイルデータ処理中にエラーが発生: cannot access local variable 'merged_df' where it is not associated with a value
2025-01-02 15:21:47,074 - src.config - ERROR - ファイルデータ処理中にエラーが発生: cannot access local variable 'merged_df' where it is not associated with a value
2025-01-02 15:21:47,074 - src.config - ERROR - ファイルデータ処理中にエラーが発生: cannot access local variable 'merged_df' where it is not associated with a value
2025-01-02 15:21:47,074 - src.config - ERROR - ファイルデータ処理中にエラーが発生: cannot access local variable 'merged_df' where it is not associated with a value
2025-01-02 15:21:47,074 - src.config - ERROR - ファイルデータ処理中にエラーが発生: cannot access local variable 'merged_df' where it is not associated with a value
2025-01-02 15:21:47,074 - src.config - ERROR - ファイルデータ処理中にエラーが発生: cannot access local variable 'merged_df' where it is not associated with a value
2025-01-02 15:21:47,074 - src.config - ERROR - ファイルデータ処理中にエラーが発生: cannot access local variable 'merged_df' where it is not associated with a value
2025-01-02 15:21:47,074 - src.config - ERROR - ファイルデータ処理中にエラーが発生: cannot access local variable 'merged_df' where it is not associated with a value
2025-01-02 15:21:47,074 - src.config - ERROR - ファイルデータ処理中にエラーが発生: cannot access local variable 'merged_df' where it is not associated with a value
2025-01-02 15:21:47,074 - src.config - ERROR - ファイルデータ処理中にエラーが発生: cannot access local variable 'merged_df' where it is not associated with a value
2025-01-02 15:21:47,074 - src.config - ERROR - ファイルデータ処理中にエラーが発生: cannot access local variable 'merged_df' where it is not associated with a value
2025-01-02 15:21:47,074 - src.config - ERROR - ファイルデータ処理中にエラーが発生: cannot access local variable 'merged_df' where it is not associated with a value
2025-01-02 15:21:47,074 - src.config - ERROR - ファイルデータ処理中にエラーが発生: cannot access local variable 'merged_df' where it is not associated with a value
2025-01-02 15:21:47,074 - src.config - ERROR - ファイルデータ処理中にエラーが発生: cannot access local variable 'merged_df' where it is not associated with a value
2025-01-02 15:21:47,190 - src.config - ERROR - アプリケーション実行中にエラーが発生: cannot access local variable 'merged_df' where it is not associated with a value
2025-01-02 15:21:47,190 - src.config - ERROR - アプリケーション実行中にエラーが発生: cannot access local variable 'merged_df' where it is not associated with a value
2025-01-02 15:21:47,190 - src.config - ERROR - アプリケーション実行中にエラーが発生: cannot access local variable 'merged_df' where it is not associated with a value
2025-01-02 15:21:47,190 - src.config - ERROR - アプリケーション実行中にエラーが発生: cannot access local variable 'merged_df' where it is not associated with a value
2025-01-02 15:21:47,190 - src.config - ERROR - アプリケーション実行中にエラーが発生: cannot access local variable 'merged_df' where it is not associated with a value
2025-01-02 15:21:47,190 - src.config - ERROR - アプリケーション実行中にエラーが発生: cannot access local variable 'merged_df' where it is not associated with a value
2025-01-02 15:21:47,190 - src.config - ERROR - アプリケーション実行中にエラーが発生: cannot access local variable 'merged_df' where it is not associated with a value
2025-01-02 15:21:47,190 - src.config - ERROR - アプリケーション実行中にエラーが発生: cannot access local variable 'merged_df' where it is not associated with a value
2025-01-02 15:21:47,190 - src.config - ERROR - アプリケーション実行中にエラーが発生: cannot access local variable 'merged_df' where it is not associated with a value
2025-01-02 15:21:47,190 - src.config - ERROR - アプリケーション実行中にエラーが発生: cannot access local variable 'merged_df' where it is not associated with a value
2025-01-02 15:21:47,190 - src.config - ERROR - アプリケーション実行中にエラーが発生: cannot access local variable 'merged_df' where it is not associated with a value
2025-01-02 15:21:47,190 - src.config - ERROR - アプリケーション実行中にエラーが発生: cannot access local variable 'merged_df' where it is not associated with a value
2025-01-02 15:21:47,190 - src.config - ERROR - アプリケーション実行中にエラーが発生: cannot access local variable 'merged_df' where it is not associated with a value
2025-01-02 15:21:47,190 - src.config - ERROR - アプリケーション実行中にエラーが発生: cannot access local variable 'merged_df' where it is not associated with a value
2025-01-02 15:21:47,190 - src.config - ERROR - アプリケーション実行中にエラーが発生: cannot access local variable 'merged_df' where it is not associated with a value
2025-01-02 15:21:47,190 - src.config - ERROR - アプリケーション実行中にエラーが発生: cannot access local variable 'merged_df' where it is not associated with a value
2025-01-02 15:21:47,190 - src.config - ERROR - アプリケーション実行中にエラーが発生: cannot access local variable 'merged_df' where it is not associated with a value
2025-01-02 15:21:47,190 - src.config - ERROR - アプリケーション実行中にエラーが発生: cannot access local variable 'merged_df' where it is not associated with a value
2025-01-02 15:21:47,190 - src.config - ERROR - アプリケーション実行中にエラーが発生: cannot access local variable 'merged_df' where it is not associated with a value
2025-01-02 15:21:47,190 - src.config - ERROR - アプリケーション実行中にエラーが発生: cannot access local variable 'merged_df' where it is not associated with a value
2025-01-02 15:21:47,190 - src.config - ERROR - アプリケーション実行中にエラーが発生: cannot access local variable 'merged_df' where it is not associated with a value
2025-01-02 15:21:47,190 - src.config - ERROR - アプリケーション実行中にエラーが発生: cannot access local variable 'merged_df' where it is not associated with a value
2025-01-02 15:21:47,190 - src.config - ERROR - アプリケーション実行中にエラーが発生: cannot access local variable 'merged_df' where it is not associated with a value
2025-01-02 15:21:47,190 - src.config - ERROR - アプリケーション実行中にエラーが発生: cannot access local variable 'merged_df' where it is not associated with a value
2025-01-02 15:21:47,190 - src.config - ERROR - アプリケーション実行中にエラーが発生: cannot access local variable 'merged_df' where it is not associated with a value
2025-01-02 15:21:47,190 - src.config - ERROR - アプリケーション実行中にエラーが発生: cannot access local variable 'merged_df' where it is not associated with a value
2025-01-02 15:21:47,190 - src.config - ERROR - アプリケーション実行中にエラーが発生: cannot access local variable 'merged_df' where it is not associated with a value
2025-01-02 15:21:47,190 - src.config - ERROR - アプリケーション実行中にエラーが発生: cannot access local variable 'merged_df' where it is not associated with a value
2025-01-02 15:21:47,190 - src.config - ERROR - アプリケーション実行中にエラーが発生: cannot access local variable 'merged_df' where it is not associated with a value
2025-01-02 15:22:20,409 - src.config - ERROR - ファイルデータ処理中にエラーが発生: cannot access local variable 'merged_df' where it is not associated with a value
2025-01-02 15:22:20,409 - src.config - ERROR - ファイルデータ処理中にエラーが発生: cannot access local variable 'merged_df' where it is not associated with a value
2025-01-02 15:22:20,409 - src.config - ERROR - ファイルデータ処理中にエラーが発生: cannot access local variable 'merged_df' where it is not associated with a value
2025-01-02 15:22:20,409 - src.config - ERROR - ファイルデータ処理中にエラーが発生: cannot access local variable 'merged_df' where it is not associated with a value
2025-01-02 15:22:20,409 - src.config - ERROR - ファイルデータ処理中にエラーが発生: cannot access local variable 'merged_df' where it is not associated with a value
2025-01-02 15:22:20,409 - src.config - ERROR - ファイルデータ処理中にエラーが発生: cannot access local variable 'merged_df' where it is not associated with a value
2025-01-02 15:22:20,409 - src.config - ERROR - ファイルデータ処理中にエラーが発生: cannot access local variable 'merged_df' where it is not associated with a value
2025-01-02 15:22:20,409 - src.config - ERROR - ファイルデータ処理中にエラーが発生: cannot access local variable 'merged_df' where it is not associated with a value
2025-01-02 15:22:20,409 - src.config - ERROR - ファイルデータ処理中にエラーが発生: cannot access local variable 'merged_df' where it is not associated with a value
2025-01-02 15:22:20,409 - src.config - ERROR - ファイルデータ処理中にエラーが発生: cannot access local variable 'merged_df' where it is not associated with a value
2025-01-02 15:22:20,409 - src.config - ERROR - ファイルデータ処理中にエラーが発生: cannot access local variable 'merged_df' where it is not associated with a value
2025-01-02 15:22:20,409 - src.config - ERROR - ファイルデータ処理中にエラーが発生: cannot access local variable 'merged_df' where it is not associated with a value
2025-01-02 15:22:20,409 - src.config - ERROR - ファイルデータ処理中にエラーが発生: cannot access local variable 'merged_df' where it is not associated with a value
2025-01-02 15:22:20,409 - src.config - ERROR - ファイルデータ処理中にエラーが発生: cannot access local variable 'merged_df' where it is not associated with a value
2025-01-02 15:22:20,409 - src.config - ERROR - ファイルデータ処理中にエラーが発生: cannot access local variable 'merged_df' where it is not associated with a value
2025-01-02 15:22:20,409 - src.config - ERROR - ファイルデータ処理中にエラーが発生: cannot access local variable 'merged_df' where it is not associated with a value
2025-01-02 15:22:20,409 - src.config - ERROR - ファイルデータ処理中にエラーが発生: cannot access local variable 'merged_df' where it is not associated with a value
2025-01-02 15:22:20,409 - src.config - ERROR - ファイルデータ処理中にエラーが発生: cannot access local variable 'merged_df' where it is not associated with a value
2025-01-02 15:22:20,409 - src.config - ERROR - ファイルデータ処理中にエラーが発生: cannot access local variable 'merged_df' where it is not associated with a value
2025-01-02 15:22:20,409 - src.config - ERROR - ファイルデータ処理中にエラーが発生: cannot access local variable 'merged_df' where it is not associated with a value
2025-01-02 15:22:20,409 - src.config - ERROR - ファイルデータ処理中にエラーが発生: cannot access local variable 'merged_df' where it is not associated with a value
2025-01-02 15:22:20,409 - src.config - ERROR - ファイルデータ処理中にエラーが発生: cannot access local variable 'merged_df' where it is not associated with a value
2025-01-02 15:22:20,409 - src.config - ERROR - ファイルデータ処理中にエラーが発生: cannot access local variable 'merged_df' where it is not associated with a value
2025-01-02 15:22:20,409 - src.config - ERROR - ファイルデータ処理中にエラーが発生: cannot access local variable 'merged_df' where it is not associated with a value
2025-01-02 15:22:20,409 - src.config - ERROR - ファイルデータ処理中にエラーが発生: cannot access local variable 'merged_df' where it is not associated with a value
2025-01-02 15:22:20,409 - src.config - ERROR - ファイルデータ処理中にエラーが発生: cannot access local variable 'merged_df' where it is not associated with a value
2025-01-02 15:22:20,409 - src.config - ERROR - ファイルデータ処理中にエラーが発生: cannot access local variable 'merged_df' where it is not associated with a value
2025-01-02 15:22:20,409 - src.config - ERROR - ファイルデータ処理中にエラーが発生: cannot access local variable 'merged_df' where it is not associated with a value
2025-01-02 15:22:20,409 - src.config - ERROR - ファイルデータ処理中にエラーが発生: cannot access local variable 'merged_df' where it is not associated with a value
2025-01-02 15:22:20,409 - src.config - ERROR - ファイルデータ処理中にエラーが発生: cannot access local variable 'merged_df' where it is not associated with a value
2025-01-02 15:22:20,513 - src.config - ERROR - アプリケーション実行中にエラーが発生: cannot access local variable 'merged_df' where it is not associated with a value
2025-01-02 15:22:20,513 - src.config - ERROR - アプリケーション実行中にエラーが発生: cannot access local variable 'merged_df' where it is not associated with a value
2025-01-02 15:22:20,513 - src.config - ERROR - アプリケーション実行中にエラーが発生: cannot access local variable 'merged_df' where it is not associated with a value
2025-01-02 15:22:20,513 - src.config - ERROR - アプリケーション実行中にエラーが発生: cannot access local variable 'merged_df' where it is not associated with a value
2025-01-02 15:22:20,513 - src.config - ERROR - アプリケーション実行中にエラーが発生: cannot access local variable 'merged_df' where it is not associated with a value
2025-01-02 15:22:20,513 - src.config - ERROR - アプリケーション実行中にエラーが発生: cannot access local variable 'merged_df' where it is not associated with a value
2025-01-02 15:22:20,513 - src.config - ERROR - アプリケーション実行中にエラーが発生: cannot access local variable 'merged_df' where it is not associated with a value
2025-01-02 15:22:20,513 - src.config - ERROR - アプリケーション実行中にエラーが発生: cannot access local variable 'merged_df' where it is not associated with a value
2025-01-02 15:22:20,513 - src.config - ERROR - アプリケーション実行中にエラーが発生: cannot access local variable 'merged_df' where it is not associated with a value
2025-01-02 15:22:20,513 - src.config - ERROR - アプリケーション実行中にエラーが発生: cannot access local variable 'merged_df' where it is not associated with a value
2025-01-02 15:22:20,513 - src.config - ERROR - アプリケーション実行中にエラーが発生: cannot access local variable 'merged_df' where it is not associated with a value
2025-01-02 15:22:20,513 - src.config - ERROR - アプリケーション実行中にエラーが発生: cannot access local variable 'merged_df' where it is not associated with a value
2025-01-02 15:22:20,513 - src.config - ERROR - アプリケーション実行中にエラーが発生: cannot access local variable 'merged_df' where it is not associated with a value
2025-01-02 15:22:20,513 - src.config - ERROR - アプリケーション実行中にエラーが発生: cannot access local variable 'merged_df' where it is not associated with a value
2025-01-02 15:22:20,513 - src.config - ERROR - アプリケーション実行中にエラーが発生: cannot access local variable 'merged_df' where it is not associated with a value
2025-01-02 15:22:20,513 - src.config - ERROR - アプリケーション実行中にエラーが発生: cannot access local variable 'merged_df' where it is not associated with a value
2025-01-02 15:22:20,513 - src.config - ERROR - アプリケーション実行中にエラーが発生: cannot access local variable 'merged_df' where it is not associated with a value
2025-01-02 15:22:20,513 - src.config - ERROR - アプリケーション実行中にエラーが発生: cannot access local variable 'merged_df' where it is not associated with a value
2025-01-02 15:22:20,513 - src.config - ERROR - アプリケーション実行中にエラーが発生: cannot access local variable 'merged_df' where it is not associated with a value
2025-01-02 15:22:20,513 - src.config - ERROR - アプリケーション実行中にエラーが発生: cannot access local variable 'merged_df' where it is not associated with a value
2025-01-02 15:22:20,513 - src.config - ERROR - アプリケーション実行中にエラーが発生: cannot access local variable 'merged_df' where it is not associated with a value
2025-01-02 15:22:20,513 - src.config - ERROR - アプリケーション実行中にエラーが発生: cannot access local variable 'merged_df' where it is not associated with a value
2025-01-02 15:22:20,513 - src.config - ERROR - アプリケーション実行中にエラーが発生: cannot access local variable 'merged_df' where it is not associated with a value
2025-01-02 15:22:20,513 - src.config - ERROR - アプリケーション実行中にエラーが発生: cannot access local variable 'merged_df' where it is not associated with a value
2025-01-02 15:22:20,513 - src.config - ERROR - アプリケーション実行中にエラーが発生: cannot access local variable 'merged_df' where it is not associated with a value
2025-01-02 15:22:20,513 - src.config - ERROR - アプリケーション実行中にエラーが発生: cannot access local variable 'merged_df' where it is not associated with a value
2025-01-02 15:22:20,513 - src.config - ERROR - アプリケーション実行中にエラーが発生: cannot access local variable 'merged_df' where it is not associated with a value
2025-01-02 15:22:20,513 - src.config - ERROR - アプリケーション実行中にエラーが発生: cannot access local variable 'merged_df' where it is not associated with a value
2025-01-02 15:22:20,513 - src.config - ERROR - アプリケーション実行中にエラーが発生: cannot access local variable 'merged_df' where it is not associated with a value
2025-01-02 15:22:20,513 - src.config - ERROR - アプリケーション実行中にエラーが発生: cannot access local variable 'merged_df' where it is not associated with a value
2025-01-02 15:23:29,808 - src.config - ERROR - ファイルデータ処理中にエラーが発生: 'Sample type'
2025-01-02 15:23:29,808 - src.config - ERROR - ファイルデータ処理中にエラーが発生: 'Sample type'
2025-01-02 15:23:29,808 - src.config - ERROR - ファイルデータ処理中にエラーが発生: 'Sample type'
2025-01-02 15:23:29,808 - src.config - ERROR - ファイルデータ処理中にエラーが発生: 'Sample type'
2025-01-02 15:23:29,808 - src.config - ERROR - ファイルデータ処理中にエラーが発生: 'Sample type'
2025-01-02 15:23:29,808 - src.config - ERROR - ファイルデータ処理中にエラーが発生: 'Sample type'
2025-01-02 15:23:29,808 - src.config - ERROR - ファイルデータ処理中にエラーが発生: 'Sample type'
2025-01-02 15:23:29,808 - src.config - ERROR - ファイルデータ処理中にエラーが発生: 'Sample type'
2025-01-02 15:23:29,808 - src.config - ERROR - ファイルデータ処理中にエラーが発生: 'Sample type'
2025-01-02 15:23:29,808 - src.config - ERROR - ファイルデータ処理中にエラーが発生: 'Sample type'
2025-01-02 15:23:29,808 - src.config - ERROR - ファイルデータ処理中にエラーが発生: 'Sample type'
2025-01-02 15:23:29,808 - src.config - ERROR - ファイルデータ処理中にエラーが発生: 'Sample type'
2025-01-02 15:23:29,808 - src.config - ERROR - ファイルデータ処理中にエラーが発生: 'Sample type'
2025-01-02 15:23:29,808 - src.config - ERROR - ファイルデータ処理中にエラーが発生: 'Sample type'
2025-01-02 15:23:29,808 - src.config - ERROR - ファイルデータ処理中にエラーが発生: 'Sample type'
2025-01-02 15:23:29,808 - src.config - ERROR - ファイルデータ処理中にエラーが発生: 'Sample type'
2025-01-02 15:23:29,808 - src.config - ERROR - ファイルデータ処理中にエラーが発生: 'Sample type'
2025-01-02 15:23:29,808 - src.config - ERROR - ファイルデータ処理中にエラーが発生: 'Sample type'
2025-01-02 15:23:29,808 - src.config - ERROR - ファイルデータ処理中にエラーが発生: 'Sample type'
2025-01-02 15:23:29,808 - src.config - ERROR - ファイルデータ処理中にエラーが発生: 'Sample type'
2025-01-02 15:23:29,808 - src.config - ERROR - ファイルデータ処理中にエラーが発生: 'Sample type'
2025-01-02 15:23:29,808 - src.config - ERROR - ファイルデータ処理中にエラーが発生: 'Sample type'
2025-01-02 15:23:29,808 - src.config - ERROR - ファイルデータ処理中にエラーが発生: 'Sample type'
2025-01-02 15:23:29,808 - src.config - ERROR - ファイルデータ処理中にエラーが発生: 'Sample type'
2025-01-02 15:23:29,808 - src.config - ERROR - ファイルデータ処理中にエラーが発生: 'Sample type'
2025-01-02 15:23:29,808 - src.config - ERROR - ファイルデータ処理中にエラーが発生: 'Sample type'
2025-01-02 15:23:29,808 - src.config - ERROR - ファイルデータ処理中にエラーが発生: 'Sample type'
2025-01-02 15:23:29,808 - src.config - ERROR - ファイルデータ処理中にエラーが発生: 'Sample type'
2025-01-02 15:23:29,808 - src.config - ERROR - ファイルデータ処理中にエラーが発生: 'Sample type'
2025-01-02 15:23:29,808 - src.config - ERROR - ファイルデータ処理中にエラーが発生: 'Sample type'
2025-01-02 15:23:29,808 - src.config - ERROR - ファイルデータ処理中にエラーが発生: 'Sample type'
2025-01-02 15:23:29,985 - src.config - ERROR - アプリケーション実行中にエラーが発生: 'Sample type'
2025-01-02 15:23:29,985 - src.config - ERROR - アプリケーション実行中にエラーが発生: 'Sample type'
2025-01-02 15:23:29,985 - src.config - ERROR - アプリケーション実行中にエラーが発生: 'Sample type'
2025-01-02 15:23:29,985 - src.config - ERROR - アプリケーション実行中にエラーが発生: 'Sample type'
2025-01-02 15:23:29,985 - src.config - ERROR - アプリケーション実行中にエラーが発生: 'Sample type'
2025-01-02 15:23:29,985 - src.config - ERROR - アプリケーション実行中にエラーが発生: 'Sample type'
2025-01-02 15:23:29,985 - src.config - ERROR - アプリケーション実行中にエラーが発生: 'Sample type'
2025-01-02 15:23:29,985 - src.config - ERROR - アプリケーション実行中にエラーが発生: 'Sample type'
2025-01-02 15:23:29,985 - src.config - ERROR - アプリケーション実行中にエラーが発生: 'Sample type'
2025-01-02 15:23:29,985 - src.config - ERROR - アプリケーション実行中にエラーが発生: 'Sample type'
2025-01-02 15:23:29,985 - src.config - ERROR - アプリケーション実行中にエラーが発生: 'Sample type'
2025-01-02 15:23:29,985 - src.config - ERROR - アプリケーション実行中にエラーが発生: 'Sample type'
2025-01-02 15:23:29,985 - src.config - ERROR - アプリケーション実行中にエラーが発生: 'Sample type'
2025-01-02 15:23:29,985 - src.config - ERROR - アプリケーション実行中にエラーが発生: 'Sample type'
2025-01-02 15:23:29,985 - src.config - ERROR - アプリケーション実行中にエラーが発生: 'Sample type'
2025-01-02 15:23:29,985 - src.config - ERROR - アプリケーション実行中にエラーが発生: 'Sample type'
2025-01-02 15:23:29,985 - src.config - ERROR - アプリケーション実行中にエラーが発生: 'Sample type'
2025-01-02 15:23:29,985 - src.config - ERROR - アプリケーション実行中にエラーが発生: 'Sample type'
2025-01-02 15:23:29,985 - src.config - ERROR - アプリケーション実行中にエラーが発生: 'Sample type'
2025-01-02 15:23:29,985 - src.config - ERROR - アプリケーション実行中にエラーが発生: 'Sample type'
2025-01-02 15:23:29,985 - src.config - ERROR - アプリケーション実行中にエラーが発生: 'Sample type'
2025-01-02 15:23:29,985 - src.config - ERROR - アプリケーション実行中にエラーが発生: 'Sample type'
2025-01-02 15:23:29,985 - src.config - ERROR - アプリケーション実行中にエラーが発生: 'Sample type'
2025-01-02 15:23:29,985 - src.config - ERROR - アプリケーション実行中にエラーが発生: 'Sample type'
2025-01-02 15:23:29,985 - src.config - ERROR - アプリケーション実行中にエラーが発生: 'Sample type'
2025-01-02 15:23:29,985 - src.config - ERROR - アプリケーション実行中にエラーが発生: 'Sample type'
2025-01-02 15:23:29,985 - src.config - ERROR - アプリケーション実行中にエラーが発生: 'Sample type'
2025-01-02 15:23:29,985 - src.config - ERROR - アプリケーション実行中にエラーが発生: 'Sample type'
2025-01-02 15:23:29,985 - src.config - ERROR - アプリケーション実行中にエラーが発生: 'Sample type'
2025-01-02 15:23:29,985 - src.config - ERROR - アプリケーション実行中にエラーが発生: 'Sample type'
2025-01-02 15:23:29,985 - src.config - ERROR - アプリケーション実行中にエラーが発生: 'Sample type'
2025-01-02 15:24:28,232 - src.config - ERROR - ファイルデータ処理中にエラーが発生: 'Sample type'
2025-01-02 15:24:28,232 - src.config - ERROR - ファイルデータ処理中にエラーが発生: 'Sample type'
2025-01-02 15:24:28,232 - src.config - ERROR - ファイルデータ処理中にエラーが発生: 'Sample type'
2025-01-02 15:24:28,232 - src.config - ERROR - ファイルデータ処理中にエラーが発生: 'Sample type'
2025-01-02 15:24:28,232 - src.config - ERROR - ファイルデータ処理中にエラーが発生: 'Sample type'
2025-01-02 15:24:28,232 - src.config - ERROR - ファイルデータ処理中にエラーが発生: 'Sample type'
2025-01-02 15:24:28,232 - src.config - ERROR - ファイルデータ処理中にエラーが発生: 'Sample type'
2025-01-02 15:24:28,232 - src.config - ERROR - ファイルデータ処理中にエラーが発生: 'Sample type'
2025-01-02 15:24:28,232 - src.config - ERROR - ファイルデータ処理中にエラーが発生: 'Sample type'
2025-01-02 15:24:28,232 - src.config - ERROR - ファイルデータ処理中にエラーが発生: 'Sample type'
2025-01-02 15:24:28,232 - src.config - ERROR - ファイルデータ処理中にエラーが発生: 'Sample type'
2025-01-02 15:24:28,232 - src.config - ERROR - ファイルデータ処理中にエラーが発生: 'Sample type'
2025-01-02 15:24:28,232 - src.config - ERROR - ファイルデータ処理中にエラーが発生: 'Sample type'
2025-01-02 15:24:28,232 - src.config - ERROR - ファイルデータ処理中にエラーが発生: 'Sample type'
2025-01-02 15:24:28,232 - src.config - ERROR - ファイルデータ処理中にエラーが発生: 'Sample type'
2025-01-02 15:24:28,232 - src.config - ERROR - ファイルデータ処理中にエラーが発生: 'Sample type'
2025-01-02 15:24:28,232 - src.config - ERROR - ファイルデータ処理中にエラーが発生: 'Sample type'
2025-01-02 15:24:28,232 - src.config - ERROR - ファイルデータ処理中にエラーが発生: 'Sample type'
2025-01-02 15:24:28,232 - src.config - ERROR - ファイルデータ処理中にエラーが発生: 'Sample type'
2025-01-02 15:24:28,232 - src.config - ERROR - ファイルデータ処理中にエラーが発生: 'Sample type'
2025-01-02 15:24:28,232 - src.config - ERROR - ファイルデータ処理中にエラーが発生: 'Sample type'
2025-01-02 15:24:28,232 - src.config - ERROR - ファイルデータ処理中にエラーが発生: 'Sample type'
2025-01-02 15:24:28,232 - src.config - ERROR - ファイルデータ処理中にエラーが発生: 'Sample type'
2025-01-02 15:24:28,232 - src.config - ERROR - ファイルデータ処理中にエラーが発生: 'Sample type'
2025-01-02 15:24:28,232 - src.config - ERROR - ファイルデータ処理中にエラーが発生: 'Sample type'
2025-01-02 15:24:28,232 - src.config - ERROR - ファイルデータ処理中にエラーが発生: 'Sample type'
2025-01-02 15:24:28,232 - src.config - ERROR - ファイルデータ処理中にエラーが発生: 'Sample type'
2025-01-02 15:24:28,232 - src.config - ERROR - ファイルデータ処理中にエラーが発生: 'Sample type'
2025-01-02 15:24:28,232 - src.config - ERROR - ファイルデータ処理中にエラーが発生: 'Sample type'
2025-01-02 15:24:28,232 - src.config - ERROR - ファイルデータ処理中にエラーが発生: 'Sample type'
2025-01-02 15:24:28,232 - src.config - ERROR - ファイルデータ処理中にエラーが発生: 'Sample type'
2025-01-02 15:24:28,232 - src.config - ERROR - ファイルデータ処理中にエラーが発生: 'Sample type'
2025-01-02 15:24:28,478 - src.config - ERROR - アプリケーション実行中にエラーが発生: 'Sample type'
2025-01-02 15:24:28,478 - src.config - ERROR - アプリケーション実行中にエラーが発生: 'Sample type'
2025-01-02 15:24:28,478 - src.config - ERROR - アプリケーション実行中にエラーが発生: 'Sample type'
2025-01-02 15:24:28,478 - src.config - ERROR - アプリケーション実行中にエラーが発生: 'Sample type'
2025-01-02 15:24:28,478 - src.config - ERROR - アプリケーション実行中にエラーが発生: 'Sample type'
2025-01-02 15:24:28,478 - src.config - ERROR - アプリケーション実行中にエラーが発生: 'Sample type'
2025-01-02 15:24:28,478 - src.config - ERROR - アプリケーション実行中にエラーが発生: 'Sample type'
2025-01-02 15:24:28,478 - src.config - ERROR - アプリケーション実行中にエラーが発生: 'Sample type'
2025-01-02 15:24:28,478 - src.config - ERROR - アプリケーション実行中にエラーが発生: 'Sample type'
2025-01-02 15:24:28,478 - src.config - ERROR - アプリケーション実行中にエラーが発生: 'Sample type'
2025-01-02 15:24:28,478 - src.config - ERROR - アプリケーション実行中にエラーが発生: 'Sample type'
2025-01-02 15:24:28,478 - src.config - ERROR - アプリケーション実行中にエラーが発生: 'Sample type'
2025-01-02 15:24:28,478 - src.config - ERROR - アプリケーション実行中にエラーが発生: 'Sample type'
2025-01-02 15:24:28,478 - src.config - ERROR - アプリケーション実行中にエラーが発生: 'Sample type'
2025-01-02 15:24:28,478 - src.config - ERROR - アプリケーション実行中にエラーが発生: 'Sample type'
2025-01-02 15:24:28,478 - src.config - ERROR - アプリケーション実行中にエラーが発生: 'Sample type'
2025-01-02 15:24:28,478 - src.config - ERROR - アプリケーション実行中にエラーが発生: 'Sample type'
2025-01-02 15:24:28,478 - src.config - ERROR - アプリケーション実行中にエラーが発生: 'Sample type'
2025-01-02 15:24:28,478 - src.config - ERROR - アプリケーション実行中にエラーが発生: 'Sample type'
2025-01-02 15:24:28,478 - src.config - ERROR - アプリケーション実行中にエラーが発生: 'Sample type'
2025-01-02 15:24:28,478 - src.config - ERROR - アプリケーション実行中にエラーが発生: 'Sample type'
2025-01-02 15:24:28,478 - src.config - ERROR - アプリケーション実行中にエラーが発生: 'Sample type'
2025-01-02 15:24:28,478 - src.config - ERROR - アプリケーション実行中にエラーが発生: 'Sample type'
2025-01-02 15:24:28,478 - src.config - ERROR - アプリケーション実行中にエラーが発生: 'Sample type'
2025-01-02 15:24:28,478 - src.config - ERROR - アプリケーション実行中にエラーが発生: 'Sample type'
2025-01-02 15:24:28,478 - src.config - ERROR - アプリケーション実行中にエラーが発生: 'Sample type'
2025-01-02 15:24:28,478 - src.config - ERROR - アプリケーション実行中にエラーが発生: 'Sample type'
2025-01-02 15:24:28,478 - src.config - ERROR - アプリケーション実行中にエラーが発生: 'Sample type'
2025-01-02 15:24:28,478 - src.config - ERROR - アプリケーション実行中にエラーが発生: 'Sample type'
2025-01-02 15:24:28,478 - src.config - ERROR - アプリケーション実行中にエラーが発生: 'Sample type'
2025-01-02 15:24:28,478 - src.config - ERROR - アプリケーション実行中にエラーが発生: 'Sample type'
2025-01-02 15:24:28,478 - src.config - ERROR - アプリケーション実行中にエラーが発生: 'Sample type'
2025-01-02 15:24:32,620 - src.config - ERROR - ファイルデータ処理中にエラーが発生: 'Sample type'
2025-01-02 15:24:32,620 - src.config - ERROR - ファイルデータ処理中にエラーが発生: 'Sample type'
2025-01-02 15:24:32,620 - src.config - ERROR - ファイルデータ処理中にエラーが発生: 'Sample type'
2025-01-02 15:24:32,620 - src.config - ERROR - ファイルデータ処理中にエラーが発生: 'Sample type'
2025-01-02 15:24:32,620 - src.config - ERROR - ファイルデータ処理中にエラーが発生: 'Sample type'
2025-01-02 15:24:32,620 - src.config - ERROR - ファイルデータ処理中にエラーが発生: 'Sample type'
2025-01-02 15:24:32,620 - src.config - ERROR - ファイルデータ処理中にエラーが発生: 'Sample type'
2025-01-02 15:24:32,620 - src.config - ERROR - ファイルデータ処理中にエラーが発生: 'Sample type'
2025-01-02 15:24:32,620 - src.config - ERROR - ファイルデータ処理中にエラーが発生: 'Sample type'
2025-01-02 15:24:32,620 - src.config - ERROR - ファイルデータ処理中にエラーが発生: 'Sample type'
2025-01-02 15:24:32,620 - src.config - ERROR - ファイルデータ処理中にエラーが発生: 'Sample type'
2025-01-02 15:24:32,620 - src.config - ERROR - ファイルデータ処理中にエラーが発生: 'Sample type'
2025-01-02 15:24:32,620 - src.config - ERROR - ファイルデータ処理中にエラーが発生: 'Sample type'
2025-01-02 15:24:32,620 - src.config - ERROR - ファイルデータ処理中にエラーが発生: 'Sample type'
2025-01-02 15:24:32,620 - src.config - ERROR - ファイルデータ処理中にエラーが発生: 'Sample type'
2025-01-02 15:24:32,620 - src.config - ERROR - ファイルデータ処理中にエラーが発生: 'Sample type'
2025-01-02 15:24:32,620 - src.config - ERROR - ファイルデータ処理中にエラーが発生: 'Sample type'
2025-01-02 15:24:32,620 - src.config - ERROR - ファイルデータ処理中にエラーが発生: 'Sample type'
2025-01-02 15:24:32,620 - src.config - ERROR - ファイルデータ処理中にエラーが発生: 'Sample type'
2025-01-02 15:24:32,620 - src.config - ERROR - ファイルデータ処理中にエラーが発生: 'Sample type'
2025-01-02 15:24:32,620 - src.config - ERROR - ファイルデータ処理中にエラーが発生: 'Sample type'
2025-01-02 15:24:32,620 - src.config - ERROR - ファイルデータ処理中にエラーが発生: 'Sample type'
2025-01-02 15:24:32,620 - src.config - ERROR - ファイルデータ処理中にエラーが発生: 'Sample type'
2025-01-02 15:24:32,620 - src.config - ERROR - ファイルデータ処理中にエラーが発生: 'Sample type'
2025-01-02 15:24:32,620 - src.config - ERROR - ファイルデータ処理中にエラーが発生: 'Sample type'
2025-01-02 15:24:32,620 - src.config - ERROR - ファイルデータ処理中にエラーが発生: 'Sample type'
2025-01-02 15:24:32,620 - src.config - ERROR - ファイルデータ処理中にエラーが発生: 'Sample type'
2025-01-02 15:24:32,620 - src.config - ERROR - ファイルデータ処理中にエラーが発生: 'Sample type'
2025-01-02 15:24:32,620 - src.config - ERROR - ファイルデータ処理中にエラーが発生: 'Sample type'
2025-01-02 15:24:32,620 - src.config - ERROR - ファイルデータ処理中にエラーが発生: 'Sample type'
2025-01-02 15:24:32,620 - src.config - ERROR - ファイルデータ処理中にエラーが発生: 'Sample type'
2025-01-02 15:24:32,620 - src.config - ERROR - ファイルデータ処理中にエラーが発生: 'Sample type'
2025-01-02 15:24:32,620 - src.config - ERROR - ファイルデータ処理中にエラーが発生: 'Sample type'
2025-01-02 15:24:32,691 - src.config - ERROR - アプリケーション実行中にエラーが発生: 'Sample type'
2025-01-02 15:24:32,691 - src.config - ERROR - アプリケーション実行中にエラーが発生: 'Sample type'
2025-01-02 15:24:32,691 - src.config - ERROR - アプリケーション実行中にエラーが発生: 'Sample type'
2025-01-02 15:24:32,691 - src.config - ERROR - アプリケーション実行中にエラーが発生: 'Sample type'
2025-01-02 15:24:32,691 - src.config - ERROR - アプリケーション実行中にエラーが発生: 'Sample type'
2025-01-02 15:24:32,691 - src.config - ERROR - アプリケーション実行中にエラーが発生: 'Sample type'
2025-01-02 15:24:32,691 - src.config - ERROR - アプリケーション実行中にエラーが発生: 'Sample type'
2025-01-02 15:24:32,691 - src.config - ERROR - アプリケーション実行中にエラーが発生: 'Sample type'
2025-01-02 15:24:32,691 - src.config - ERROR - アプリケーション実行中にエラーが発生: 'Sample type'
2025-01-02 15:24:32,691 - src.config - ERROR - アプリケーション実行中にエラーが発生: 'Sample type'
2025-01-02 15:24:32,691 - src.config - ERROR - アプリケーション実行中にエラーが発生: 'Sample type'
2025-01-02 15:24:32,691 - src.config - ERROR - アプリケーション実行中にエラーが発生: 'Sample type'
2025-01-02 15:24:32,691 - src.config - ERROR - アプリケーション実行中にエラーが発生: 'Sample type'
2025-01-02 15:24:32,691 - src.config - ERROR - アプリケーション実行中にエラーが発生: 'Sample type'
2025-01-02 15:24:32,691 - src.config - ERROR - アプリケーション実行中にエラーが発生: 'Sample type'
2025-01-02 15:24:32,691 - src.config - ERROR - アプリケーション実行中にエラーが発生: 'Sample type'
2025-01-02 15:24:32,691 - src.config - ERROR - アプリケーション実行中にエラーが発生: 'Sample type'
2025-01-02 15:24:32,691 - src.config - ERROR - アプリケーション実行中にエラーが発生: 'Sample type'
2025-01-02 15:24:32,691 - src.config - ERROR - アプリケーション実行中にエラーが発生: 'Sample type'
2025-01-02 15:24:32,691 - src.config - ERROR - アプリケーション実行中にエラーが発生: 'Sample type'
2025-01-02 15:24:32,691 - src.config - ERROR - アプリケーション実行中にエラーが発生: 'Sample type'
2025-01-02 15:24:32,691 - src.config - ERROR - アプリケーション実行中にエラーが発生: 'Sample type'
2025-01-02 15:24:32,691 - src.config - ERROR - アプリケーション実行中にエラーが発生: 'Sample type'
2025-01-02 15:24:32,691 - src.config - ERROR - アプリケーション実行中にエラーが発生: 'Sample type'
2025-01-02 15:24:32,691 - src.config - ERROR - アプリケーション実行中にエラーが発生: 'Sample type'
2025-01-02 15:24:32,691 - src.config - ERROR - アプリケーション実行中にエラーが発生: 'Sample type'
2025-01-02 15:24:32,691 - src.config - ERROR - アプリケーション実行中にエラーが発生: 'Sample type'
2025-01-02 15:24:32,691 - src.config - ERROR - アプリケーション実行中にエラーが発生: 'Sample type'
2025-01-02 15:24:32,691 - src.config - ERROR - アプリケーション実行中にエラーが発生: 'Sample type'
2025-01-02 15:24:32,691 - src.config - ERROR - アプリケーション実行中にエラーが発生: 'Sample type'
2025-01-02 15:24:32,691 - src.config - ERROR - アプリケーション実行中にエラーが発生: 'Sample type'
2025-01-02 15:24:32,691 - src.config - ERROR - アプリケーション実行中にエラーが発生: 'Sample type'
2025-01-02 15:24:32,691 - src.config - ERROR - アプリケーション実行中にエラーが発生: 'Sample type'
2025-01-02 15:24:35,558 - src.config - ERROR - ファイルデータ処理中にエラーが発生: 'Sample type'
2025-01-02 15:24:35,558 - src.config - ERROR - ファイルデータ処理中にエラーが発生: 'Sample type'
2025-01-02 15:24:35,558 - src.config - ERROR - ファイルデータ処理中にエラーが発生: 'Sample type'
2025-01-02 15:24:35,558 - src.config - ERROR - ファイルデータ処理中にエラーが発生: 'Sample type'
2025-01-02 15:24:35,558 - src.config - ERROR - ファイルデータ処理中にエラーが発生: 'Sample type'
2025-01-02 15:24:35,558 - src.config - ERROR - ファイルデータ処理中にエラーが発生: 'Sample type'
2025-01-02 15:24:35,558 - src.config - ERROR - ファイルデータ処理中にエラーが発生: 'Sample type'
2025-01-02 15:24:35,558 - src.config - ERROR - ファイルデータ処理中にエラーが発生: 'Sample type'
2025-01-02 15:24:35,558 - src.config - ERROR - ファイルデータ処理中にエラーが発生: 'Sample type'
2025-01-02 15:24:35,558 - src.config - ERROR - ファイルデータ処理中にエラーが発生: 'Sample type'
2025-01-02 15:24:35,558 - src.config - ERROR - ファイルデータ処理中にエラーが発生: 'Sample type'
2025-01-02 15:24:35,558 - src.config - ERROR - ファイルデータ処理中にエラーが発生: 'Sample type'
2025-01-02 15:24:35,558 - src.config - ERROR - ファイルデータ処理中にエラーが発生: 'Sample type'
2025-01-02 15:24:35,558 - src.config - ERROR - ファイルデータ処理中にエラーが発生: 'Sample type'
2025-01-02 15:24:35,558 - src.config - ERROR - ファイルデータ処理中にエラーが発生: 'Sample type'
2025-01-02 15:24:35,558 - src.config - ERROR - ファイルデータ処理中にエラーが発生: 'Sample type'
2025-01-02 15:24:35,558 - src.config - ERROR - ファイルデータ処理中にエラーが発生: 'Sample type'
2025-01-02 15:24:35,558 - src.config - ERROR - ファイルデータ処理中にエラーが発生: 'Sample type'
2025-01-02 15:24:35,558 - src.config - ERROR - ファイルデータ処理中にエラーが発生: 'Sample type'
2025-01-02 15:24:35,558 - src.config - ERROR - ファイルデータ処理中にエラーが発生: 'Sample type'
2025-01-02 15:24:35,558 - src.config - ERROR - ファイルデータ処理中にエラーが発生: 'Sample type'
2025-01-02 15:24:35,558 - src.config - ERROR - ファイルデータ処理中にエラーが発生: 'Sample type'
2025-01-02 15:24:35,558 - src.config - ERROR - ファイルデータ処理中にエラーが発生: 'Sample type'
2025-01-02 15:24:35,558 - src.config - ERROR - ファイルデータ処理中にエラーが発生: 'Sample type'
2025-01-02 15:24:35,558 - src.config - ERROR - ファイルデータ処理中にエラーが発生: 'Sample type'
2025-01-02 15:24:35,558 - src.config - ERROR - ファイルデータ処理中にエラーが発生: 'Sample type'
2025-01-02 15:24:35,558 - src.config - ERROR - ファイルデータ処理中にエラーが発生: 'Sample type'
2025-01-02 15:24:35,558 - src.config - ERROR - ファイルデータ処理中にエラーが発生: 'Sample type'
2025-01-02 15:24:35,558 - src.config - ERROR - ファイルデータ処理中にエラーが発生: 'Sample type'
2025-01-02 15:24:35,558 - src.config - ERROR - ファイルデータ処理中にエラーが発生: 'Sample type'
2025-01-02 15:24:35,558 - src.config - ERROR - ファイルデータ処理中にエラーが発生: 'Sample type'
2025-01-02 15:24:35,558 - src.config - ERROR - ファイルデータ処理中にエラーが発生: 'Sample type'
2025-01-02 15:24:35,558 - src.config - ERROR - ファイルデータ処理中にエラーが発生: 'Sample type'
2025-01-02 15:24:35,558 - src.config - ERROR - ファイルデータ処理中にエラーが発生: 'Sample type'
2025-01-02 15:24:35,772 - src.config - ERROR - アプリケーション実行中にエラーが発生: 'Sample type'
2025-01-02 15:24:35,772 - src.config - ERROR - アプリケーション実行中にエラーが発生: 'Sample type'
2025-01-02 15:24:35,772 - src.config - ERROR - アプリケーション実行中にエラーが発生: 'Sample type'
2025-01-02 15:24:35,772 - src.config - ERROR - アプリケーション実行中にエラーが発生: 'Sample type'
2025-01-02 15:24:35,772 - src.config - ERROR - アプリケーション実行中にエラーが発生: 'Sample type'
2025-01-02 15:24:35,772 - src.config - ERROR - アプリケーション実行中にエラーが発生: 'Sample type'
2025-01-02 15:24:35,772 - src.config - ERROR - アプリケーション実行中にエラーが発生: 'Sample type'
2025-01-02 15:24:35,772 - src.config - ERROR - アプリケーション実行中にエラーが発生: 'Sample type'
2025-01-02 15:24:35,772 - src.config - ERROR - アプリケーション実行中にエラーが発生: 'Sample type'
2025-01-02 15:24:35,772 - src.config - ERROR - アプリケーション実行中にエラーが発生: 'Sample type'
2025-01-02 15:24:35,772 - src.config - ERROR - アプリケーション実行中にエラーが発生: 'Sample type'
2025-01-02 15:24:35,772 - src.config - ERROR - アプリケーション実行中にエラーが発生: 'Sample type'
2025-01-02 15:24:35,772 - src.config - ERROR - アプリケーション実行中にエラーが発生: 'Sample type'
2025-01-02 15:24:35,772 - src.config - ERROR - アプリケーション実行中にエラーが発生: 'Sample type'
2025-01-02 15:24:35,772 - src.config - ERROR - アプリケーション実行中にエラーが発生: 'Sample type'
2025-01-02 15:24:35,772 - src.config - ERROR - アプリケーション実行中にエラーが発生: 'Sample type'
2025-01-02 15:24:35,772 - src.config - ERROR - アプリケーション実行中にエラーが発生: 'Sample type'
2025-01-02 15:24:35,772 - src.config - ERROR - アプリケーション実行中にエラーが発生: 'Sample type'
2025-01-02 15:24:35,772 - src.config - ERROR - アプリケーション実行中にエラーが発生: 'Sample type'
2025-01-02 15:24:35,772 - src.config - ERROR - アプリケーション実行中にエラーが発生: 'Sample type'
2025-01-02 15:24:35,772 - src.config - ERROR - アプリケーション実行中にエラーが発生: 'Sample type'
2025-01-02 15:24:35,772 - src.config - ERROR - アプリケーション実行中にエラーが発生: 'Sample type'
2025-01-02 15:24:35,772 - src.config - ERROR - アプリケーション実行中にエラーが発生: 'Sample type'
2025-01-02 15:24:35,772 - src.config - ERROR - アプリケーション実行中にエラーが発生: 'Sample type'
2025-01-02 15:24:35,772 - src.config - ERROR - アプリケーション実行中にエラーが発生: 'Sample type'
2025-01-02 15:24:35,772 - src.config - ERROR - アプリケーション実行中にエラーが発生: 'Sample type'
2025-01-02 15:24:35,772 - src.config - ERROR - アプリケーション実行中にエラーが発生: 'Sample type'
2025-01-02 15:24:35,772 - src.config - ERROR - アプリケーション実行中にエラーが発生: 'Sample type'
2025-01-02 15:24:35,772 - src.config - ERROR - アプリケーション実行中にエラーが発生: 'Sample type'
2025-01-02 15:24:35,772 - src.config - ERROR - アプリケーション実行中にエラーが発生: 'Sample type'
2025-01-02 15:24:35,772 - src.config - ERROR - アプリケーション実行中にエラーが発生: 'Sample type'
2025-01-02 15:24:35,772 - src.config - ERROR - アプリケーション実行中にエラーが発生: 'Sample type'
2025-01-02 15:24:35,772 - src.config - ERROR - アプリケーション実行中にエラーが発生: 'Sample type'
2025-01-02 15:24:35,772 - src.config - ERROR - アプリケーション実行中にエラーが発生: 'Sample type'
2025-01-02 15:24:43,815 - src.config - ERROR - ファイルデータ処理中にエラーが発生: 'Sample type'
2025-01-02 15:24:43,815 - src.config - ERROR - ファイルデータ処理中にエラーが発生: 'Sample type'
2025-01-02 15:24:43,815 - src.config - ERROR - ファイルデータ処理中にエラーが発生: 'Sample type'
2025-01-02 15:24:43,815 - src.config - ERROR - ファイルデータ処理中にエラーが発生: 'Sample type'
2025-01-02 15:24:43,815 - src.config - ERROR - ファイルデータ処理中にエラーが発生: 'Sample type'
2025-01-02 15:24:43,815 - src.config - ERROR - ファイルデータ処理中にエラーが発生: 'Sample type'
2025-01-02 15:24:43,815 - src.config - ERROR - ファイルデータ処理中にエラーが発生: 'Sample type'
2025-01-02 15:24:43,815 - src.config - ERROR - ファイルデータ処理中にエラーが発生: 'Sample type'
2025-01-02 15:24:43,815 - src.config - ERROR - ファイルデータ処理中にエラーが発生: 'Sample type'
2025-01-02 15:24:43,815 - src.config - ERROR - ファイルデータ処理中にエラーが発生: 'Sample type'
2025-01-02 15:24:43,815 - src.config - ERROR - ファイルデータ処理中にエラーが発生: 'Sample type'
2025-01-02 15:24:43,815 - src.config - ERROR - ファイルデータ処理中にエラーが発生: 'Sample type'
2025-01-02 15:24:43,815 - src.config - ERROR - ファイルデータ処理中にエラーが発生: 'Sample type'
2025-01-02 15:24:43,815 - src.config - ERROR - ファイルデータ処理中にエラーが発生: 'Sample type'
2025-01-02 15:24:43,815 - src.config - ERROR - ファイルデータ処理中にエラーが発生: 'Sample type'
2025-01-02 15:24:43,815 - src.config - ERROR - ファイルデータ処理中にエラーが発生: 'Sample type'
2025-01-02 15:24:43,815 - src.config - ERROR - ファイルデータ処理中にエラーが発生: 'Sample type'
2025-01-02 15:24:43,815 - src.config - ERROR - ファイルデータ処理中にエラーが発生: 'Sample type'
2025-01-02 15:24:43,815 - src.config - ERROR - ファイルデータ処理中にエラーが発生: 'Sample type'
2025-01-02 15:24:43,815 - src.config - ERROR - ファイルデータ処理中にエラーが発生: 'Sample type'
2025-01-02 15:24:43,815 - src.config - ERROR - ファイルデータ処理中にエラーが発生: 'Sample type'
2025-01-02 15:24:43,815 - src.config - ERROR - ファイルデータ処理中にエラーが発生: 'Sample type'
2025-01-02 15:24:43,815 - src.config - ERROR - ファイルデータ処理中にエラーが発生: 'Sample type'
2025-01-02 15:24:43,815 - src.config - ERROR - ファイルデータ処理中にエラーが発生: 'Sample type'
2025-01-02 15:24:43,815 - src.config - ERROR - ファイルデータ処理中にエラーが発生: 'Sample type'
2025-01-02 15:24:43,815 - src.config - ERROR - ファイルデータ処理中にエラーが発生: 'Sample type'
2025-01-02 15:24:43,815 - src.config - ERROR - ファイルデータ処理中にエラーが発生: 'Sample type'
2025-01-02 15:24:43,815 - src.config - ERROR - ファイルデータ処理中にエラーが発生: 'Sample type'
2025-01-02 15:24:43,815 - src.config - ERROR - ファイルデータ処理中にエラーが発生: 'Sample type'
2025-01-02 15:24:43,815 - src.config - ERROR - ファイルデータ処理中にエラーが発生: 'Sample type'
2025-01-02 15:24:43,815 - src.config - ERROR - ファイルデータ処理中にエラーが発生: 'Sample type'
2025-01-02 15:24:43,815 - src.config - ERROR - ファイルデータ処理中にエラーが発生: 'Sample type'
2025-01-02 15:24:43,815 - src.config - ERROR - ファイルデータ処理中にエラーが発生: 'Sample type'
2025-01-02 15:24:43,815 - src.config - ERROR - ファイルデータ処理中にエラーが発生: 'Sample type'
2025-01-02 15:24:43,815 - src.config - ERROR - ファイルデータ処理中にエラーが発生: 'Sample type'
2025-01-02 15:24:43,997 - src.config - ERROR - アプリケーション実行中にエラーが発生: 'Sample type'
2025-01-02 15:24:43,997 - src.config - ERROR - アプリケーション実行中にエラーが発生: 'Sample type'
2025-01-02 15:24:43,997 - src.config - ERROR - アプリケーション実行中にエラーが発生: 'Sample type'
2025-01-02 15:24:43,997 - src.config - ERROR - アプリケーション実行中にエラーが発生: 'Sample type'
2025-01-02 15:24:43,997 - src.config - ERROR - アプリケーション実行中にエラーが発生: 'Sample type'
2025-01-02 15:24:43,997 - src.config - ERROR - アプリケーション実行中にエラーが発生: 'Sample type'
2025-01-02 15:24:43,997 - src.config - ERROR - アプリケーション実行中にエラーが発生: 'Sample type'
2025-01-02 15:24:43,997 - src.config - ERROR - アプリケーション実行中にエラーが発生: 'Sample type'
2025-01-02 15:24:43,997 - src.config - ERROR - アプリケーション実行中にエラーが発生: 'Sample type'
2025-01-02 15:24:43,997 - src.config - ERROR - アプリケーション実行中にエラーが発生: 'Sample type'
2025-01-02 15:24:43,997 - src.config - ERROR - アプリケーション実行中にエラーが発生: 'Sample type'
2025-01-02 15:24:43,997 - src.config - ERROR - アプリケーション実行中にエラーが発生: 'Sample type'
2025-01-02 15:24:43,997 - src.config - ERROR - アプリケーション実行中にエラーが発生: 'Sample type'
2025-01-02 15:24:43,997 - src.config - ERROR - アプリケーション実行中にエラーが発生: 'Sample type'
2025-01-02 15:24:43,997 - src.config - ERROR - アプリケーション実行中にエラーが発生: 'Sample type'
2025-01-02 15:24:43,997 - src.config - ERROR - アプリケーション実行中にエラーが発生: 'Sample type'
2025-01-02 15:24:43,997 - src.config - ERROR - アプリケーション実行中にエラーが発生: 'Sample type'
2025-01-02 15:24:43,997 - src.config - ERROR - アプリケーション実行中にエラーが発生: 'Sample type'
2025-01-02 15:24:43,997 - src.config - ERROR - アプリケーション実行中にエラーが発生: 'Sample type'
2025-01-02 15:24:43,997 - src.config - ERROR - アプリケーション実行中にエラーが発生: 'Sample type'
2025-01-02 15:24:43,997 - src.config - ERROR - アプリケーション実行中にエラーが発生: 'Sample type'
2025-01-02 15:24:43,997 - src.config - ERROR - アプリケーション実行中にエラーが発生: 'Sample type'
2025-01-02 15:24:43,997 - src.config - ERROR - アプリケーション実行中にエラーが発生: 'Sample type'
2025-01-02 15:24:43,997 - src.config - ERROR - アプリケーション実行中にエラーが発生: 'Sample type'
2025-01-02 15:24:43,997 - src.config - ERROR - アプリケーション実行中にエラーが発生: 'Sample type'
2025-01-02 15:24:43,997 - src.config - ERROR - アプリケーション実行中にエラーが発生: 'Sample type'
2025-01-02 15:24:43,997 - src.config - ERROR - アプリケーション実行中にエラーが発生: 'Sample type'
2025-01-02 15:24:43,997 - src.config - ERROR - アプリケーション実行中にエラーが発生: 'Sample type'
2025-01-02 15:24:43,997 - src.config - ERROR - アプリケーション実行中にエラーが発生: 'Sample type'
2025-01-02 15:24:43,997 - src.config - ERROR - アプリケーション実行中にエラーが発生: 'Sample type'
2025-01-02 15:24:43,997 - src.config - ERROR - アプリケーション実行中にエラーが発生: 'Sample type'
2025-01-02 15:24:43,997 - src.config - ERROR - アプリケーション実行中にエラーが発生: 'Sample type'
2025-01-02 15:24:43,997 - src.config - ERROR - アプリケーション実行中にエラーが発生: 'Sample type'
2025-01-02 15:24:43,997 - src.config - ERROR - アプリケーション実行中にエラーが発生: 'Sample type'
2025-01-02 15:24:43,997 - src.config - ERROR - アプリケーション実行中にエラーが発生: 'Sample type'
2025-01-02 15:24:55,490 - src.config - WARNING - マージ後のデータが空です
2025-01-02 15:24:55,490 - src.config - WARNING - マージ後のデータが空です
2025-01-02 15:24:55,490 - src.config - WARNING - マージ後のデータが空です
2025-01-02 15:24:55,490 - src.config - WARNING - マージ後のデータが空です
2025-01-02 15:24:55,490 - src.config - WARNING - マージ後のデータが空です
2025-01-02 15:24:55,490 - src.config - WARNING - マージ後のデータが空です
2025-01-02 15:24:55,490 - src.config - WARNING - マージ後のデータが空です
2025-01-02 15:24:55,490 - src.config - WARNING - マージ後のデータが空です
2025-01-02 15:24:55,490 - src.config - WARNING - マージ後のデータが空です
2025-01-02 15:24:55,490 - src.config - WARNING - マージ後のデータが空です
2025-01-02 15:24:55,490 - src.config - WARNING - マージ後のデータが空です
2025-01-02 15:24:55,490 - src.config - WARNING - マージ後のデータが空です
2025-01-02 15:24:55,490 - src.config - WARNING - マージ後のデータが空です
2025-01-02 15:24:55,490 - src.config - WARNING - マージ後のデータが空です
2025-01-02 15:24:55,490 - src.config - WARNING - マージ後のデータが空です
2025-01-02 15:24:55,490 - src.config - WARNING - マージ後のデータが空です
2025-01-02 15:24:55,490 - src.config - WARNING - マージ後のデータが空です
2025-01-02 15:24:55,490 - src.config - WARNING - マージ後のデータが空です
2025-01-02 15:24:55,490 - src.config - WARNING - マージ後のデータが空です
2025-01-02 15:24:55,490 - src.config - WARNING - マージ後のデータが空です
2025-01-02 15:24:55,490 - src.config - WARNING - マージ後のデータが空です
2025-01-02 15:24:55,490 - src.config - WARNING - マージ後のデータが空です
2025-01-02 15:24:55,490 - src.config - WARNING - マージ後のデータが空です
2025-01-02 15:24:55,490 - src.config - WARNING - マージ後のデータが空です
2025-01-02 15:24:55,490 - src.config - WARNING - マージ後のデータが空です
2025-01-02 15:24:55,490 - src.config - WARNING - マージ後のデータが空です
2025-01-02 15:24:55,490 - src.config - WARNING - マージ後のデータが空です
2025-01-02 15:24:55,490 - src.config - WARNING - マージ後のデータが空です
2025-01-02 15:24:55,490 - src.config - WARNING - マージ後のデータが空です
2025-01-02 15:24:55,490 - src.config - WARNING - マージ後のデータが空です
2025-01-02 15:24:55,490 - src.config - WARNING - マージ後のデータが空です
2025-01-02 15:24:55,490 - src.config - WARNING - マージ後のデータが空です
2025-01-02 15:24:55,490 - src.config - WARNING - マージ後のデータが空です
2025-01-02 15:24:55,490 - src.config - WARNING - マージ後のデータが空です
2025-01-02 15:24:55,490 - src.config - WARNING - マージ後のデータが空です
2025-01-02 15:24:55,490 - src.config - WARNING - マージ後のデータが空です
2025-01-02 15:24:55,490 - src.config - WARNING - マージ後のデータが空です
2025-01-02 15:26:57,705 - src.config - WARNING - マージ後のデータが空です
2025-01-02 15:26:57,705 - src.config - WARNING - マージ後のデータが空です
2025-01-02 15:26:57,705 - src.config - WARNING - マージ後のデータが空です
2025-01-02 15:26:57,705 - src.config - WARNING - マージ後のデータが空です
2025-01-02 15:26:57,705 - src.config - WARNING - マージ後のデータが空です
2025-01-02 15:26:57,705 - src.config - WARNING - マージ後のデータが空です
2025-01-02 15:26:57,705 - src.config - WARNING - マージ後のデータが空です
2025-01-02 15:26:57,705 - src.config - WARNING - マージ後のデータが空です
2025-01-02 15:26:57,705 - src.config - WARNING - マージ後のデータが空です
2025-01-02 15:26:57,705 - src.config - WARNING - マージ後のデータが空です
2025-01-02 15:26:57,705 - src.config - WARNING - マージ後のデータが空です
2025-01-02 15:26:57,705 - src.config - WARNING - マージ後のデータが空です
2025-01-02 15:26:57,705 - src.config - WARNING - マージ後のデータが空です
2025-01-02 15:26:57,705 - src.config - WARNING - マージ後のデータが空です
2025-01-02 15:26:57,705 - src.config - WARNING - マージ後のデータが空です
2025-01-02 15:26:57,705 - src.config - WARNING - マージ後のデータが空です
2025-01-02 15:26:57,705 - src.config - WARNING - マージ後のデータが空です
2025-01-02 15:26:57,705 - src.config - WARNING - マージ後のデータが空です
2025-01-02 15:26:57,705 - src.config - WARNING - マージ後のデータが空です
2025-01-02 15:26:57,705 - src.config - WARNING - マージ後のデータが空です
2025-01-02 15:26:57,705 - src.config - WARNING - マージ後のデータが空です
2025-01-02 15:26:57,705 - src.config - WARNING - マージ後のデータが空です
2025-01-02 15:26:57,705 - src.config - WARNING - マージ後のデータが空です
2025-01-02 15:26:57,705 - src.config - WARNING - マージ後のデータが空です
2025-01-02 15:26:57,705 - src.config - WARNING - マージ後のデータが空です
2025-01-02 15:26:57,705 - src.config - WARNING - マージ後のデータが空です
2025-01-02 15:26:57,705 - src.config - WARNING - マージ後のデータが空です
2025-01-02 15:26:57,705 - src.config - WARNING - マージ後のデータが空です
2025-01-02 15:26:57,705 - src.config - WARNING - マージ後のデータが空です
2025-01-02 15:26:57,705 - src.config - WARNING - マージ後のデータが空です
2025-01-02 15:26:57,705 - src.config - WARNING - マージ後のデータが空です
2025-01-02 15:26:57,705 - src.config - WARNING - マージ後のデータが空です
2025-01-02 15:26:57,705 - src.config - WARNING - マージ後のデータが空です
2025-01-02 15:26:57,705 - src.config - WARNING - マージ後のデータが空です
2025-01-02 15:26:57,705 - src.config - WARNING - マージ後のデータが空です
2025-01-02 15:26:57,705 - src.config - WARNING - マージ後のデータが空です
2025-01-02 15:26:57,705 - src.config - WARNING - マージ後のデータが空です
2025-01-02 15:26:57,705 - src.config - WARNING - マージ後のデータが空です
2025-01-02 15:28:06,146 - src.config - WARNING - マージ後のデータが空です
2025-01-02 15:28:06,146 - src.config - WARNING - マージ後のデータが空です
2025-01-02 15:28:06,146 - src.config - WARNING - マージ後のデータが空です
2025-01-02 15:28:06,146 - src.config - WARNING - マージ後のデータが空です
2025-01-02 15:28:06,146 - src.config - WARNING - マージ後のデータが空です
2025-01-02 15:28:06,146 - src.config - WARNING - マージ後のデータが空です
2025-01-02 15:28:06,146 - src.config - WARNING - マージ後のデータが空です
2025-01-02 15:28:06,146 - src.config - WARNING - マージ後のデータが空です
2025-01-02 15:28:06,146 - src.config - WARNING - マージ後のデータが空です
2025-01-02 15:28:06,146 - src.config - WARNING - マージ後のデータが空です
2025-01-02 15:28:06,146 - src.config - WARNING - マージ後のデータが空です
2025-01-02 15:28:06,146 - src.config - WARNING - マージ後のデータが空です
2025-01-02 15:28:06,146 - src.config - WARNING - マージ後のデータが空です
2025-01-02 15:28:06,146 - src.config - WARNING - マージ後のデータが空です
2025-01-02 15:28:06,146 - src.config - WARNING - マージ後のデータが空です
2025-01-02 15:28:06,146 - src.config - WARNING - マージ後のデータが空です
2025-01-02 15:28:06,146 - src.config - WARNING - マージ後のデータが空です
2025-01-02 15:28:06,146 - src.config - WARNING - マージ後のデータが空です
2025-01-02 15:28:06,146 - src.config - WARNING - マージ後のデータが空です
2025-01-02 15:28:06,146 - src.config - WARNING - マージ後のデータが空です
2025-01-02 15:28:06,146 - src.config - WARNING - マージ後のデータが空です
2025-01-02 15:28:06,146 - src.config - WARNING - マージ後のデータが空です
2025-01-02 15:28:06,146 - src.config - WARNING - マージ後のデータが空です
2025-01-02 15:28:06,146 - src.config - WARNING - マージ後のデータが空です
2025-01-02 15:28:06,146 - src.config - WARNING - マージ後のデータが空です
2025-01-02 15:28:06,146 - src.config - WARNING - マージ後のデータが空です
2025-01-02 15:28:06,146 - src.config - WARNING - マージ後のデータが空です
2025-01-02 15:28:06,146 - src.config - WARNING - マージ後のデータが空です
2025-01-02 15:28:06,146 - src.config - WARNING - マージ後のデータが空です
2025-01-02 15:28:06,146 - src.config - WARNING - マージ後のデータが空です
2025-01-02 15:28:06,146 - src.config - WARNING - マージ後のデータが空です
2025-01-02 15:28:06,146 - src.config - WARNING - マージ後のデータが空です
2025-01-02 15:28:06,146 - src.config - WARNING - マージ後のデータが空です
2025-01-02 15:28:06,146 - src.config - WARNING - マージ後のデータが空です
2025-01-02 15:28:06,146 - src.config - WARNING - マージ後のデータが空です
2025-01-02 15:28:06,146 - src.config - WARNING - マージ後のデータが空です
2025-01-02 15:28:06,146 - src.config - WARNING - マージ後のデータが空です
2025-01-02 15:28:06,146 - src.config - WARNING - マージ後のデータが空です
2025-01-02 15:28:06,146 - src.config - WARNING - マージ後のデータが空です
2025-01-02 15:28:08,323 - src.config - WARNING - マージ後のデータが空です
2025-01-02 15:28:08,323 - src.config - WARNING - マージ後のデータが空です
2025-01-02 15:28:08,323 - src.config - WARNING - マージ後のデータが空です
2025-01-02 15:28:08,323 - src.config - WARNING - マージ後のデータが空です
2025-01-02 15:28:08,323 - src.config - WARNING - マージ後のデータが空です
2025-01-02 15:28:08,323 - src.config - WARNING - マージ後のデータが空です
2025-01-02 15:28:08,323 - src.config - WARNING - マージ後のデータが空です
2025-01-02 15:28:08,323 - src.config - WARNING - マージ後のデータが空です
2025-01-02 15:28:08,323 - src.config - WARNING - マージ後のデータが空です
2025-01-02 15:28:08,323 - src.config - WARNING - マージ後のデータが空です
2025-01-02 15:28:08,323 - src.config - WARNING - マージ後のデータが空です
2025-01-02 15:28:08,323 - src.config - WARNING - マージ後のデータが空です
2025-01-02 15:28:08,323 - src.config - WARNING - マージ後のデータが空です
2025-01-02 15:28:08,323 - src.config - WARNING - マージ後のデータが空です
2025-01-02 15:28:08,323 - src.config - WARNING - マージ後のデータが空です
2025-01-02 15:28:08,323 - src.config - WARNING - マージ後のデータが空です
2025-01-02 15:28:08,323 - src.config - WARNING - マージ後のデータが空です
2025-01-02 15:28:08,323 - src.config - WARNING - マージ後のデータが空です
2025-01-02 15:28:08,323 - src.config - WARNING - マージ後のデータが空です
2025-01-02 15:28:08,323 - src.config - WARNING - マージ後のデータが空です
2025-01-02 15:28:08,323 - src.config - WARNING - マージ後のデータが空です
2025-01-02 15:28:08,323 - src.config - WARNING - マージ後のデータが空です
2025-01-02 15:28:08,323 - src.config - WARNING - マージ後のデータが空です
2025-01-02 15:28:08,323 - src.config - WARNING - マージ後のデータが空です
2025-01-02 15:28:08,323 - src.config - WARNING - マージ後のデータが空です
2025-01-02 15:28:08,323 - src.config - WARNING - マージ後のデータが空です
2025-01-02 15:28:08,323 - src.config - WARNING - マージ後のデータが空です
2025-01-02 15:28:08,323 - src.config - WARNING - マージ後のデータが空です
2025-01-02 15:28:08,323 - src.config - WARNING - マージ後のデータが空です
2025-01-02 15:28:08,323 - src.config - WARNING - マージ後のデータが空です
2025-01-02 15:28:08,323 - src.config - WARNING - マージ後のデータが空です
2025-01-02 15:28:08,323 - src.config - WARNING - マージ後のデータが空です
2025-01-02 15:28:08,323 - src.config - WARNING - マージ後のデータが空です
2025-01-02 15:28:08,323 - src.config - WARNING - マージ後のデータが空です
2025-01-02 15:28:08,323 - src.config - WARNING - マージ後のデータが空です
2025-01-02 15:28:08,323 - src.config - WARNING - マージ後のデータが空です
2025-01-02 15:28:08,323 - src.config - WARNING - マージ後のデータが空です
2025-01-02 15:28:08,323 - src.config - WARNING - マージ後のデータが空です
2025-01-02 15:28:08,323 - src.config - WARNING - マージ後のデータが空です
2025-01-02 15:28:08,323 - src.config - WARNING - マージ後のデータが空です
2025-01-02 15:28:11,004 - src.config - WARNING - マージ後のデータが空です
2025-01-02 15:28:11,004 - src.config - WARNING - マージ後のデータが空です
2025-01-02 15:28:11,004 - src.config - WARNING - マージ後のデータが空です
2025-01-02 15:28:11,004 - src.config - WARNING - マージ後のデータが空です
2025-01-02 15:28:11,004 - src.config - WARNING - マージ後のデータが空です
2025-01-02 15:28:11,004 - src.config - WARNING - マージ後のデータが空です
2025-01-02 15:28:11,004 - src.config - WARNING - マージ後のデータが空です
2025-01-02 15:28:11,004 - src.config - WARNING - マージ後のデータが空です
2025-01-02 15:28:11,004 - src.config - WARNING - マージ後のデータが空です
2025-01-02 15:28:11,004 - src.config - WARNING - マージ後のデータが空です
2025-01-02 15:28:11,004 - src.config - WARNING - マージ後のデータが空です
2025-01-02 15:28:11,004 - src.config - WARNING - マージ後のデータが空です
2025-01-02 15:28:11,004 - src.config - WARNING - マージ後のデータが空です
2025-01-02 15:28:11,004 - src.config - WARNING - マージ後のデータが空です
2025-01-02 15:28:11,004 - src.config - WARNING - マージ後のデータが空です
2025-01-02 15:28:11,004 - src.config - WARNING - マージ後のデータが空です
2025-01-02 15:28:11,004 - src.config - WARNING - マージ後のデータが空です
2025-01-02 15:28:11,004 - src.config - WARNING - マージ後のデータが空です
2025-01-02 15:28:11,004 - src.config - WARNING - マージ後のデータが空です
2025-01-02 15:28:11,004 - src.config - WARNING - マージ後のデータが空です
2025-01-02 15:28:11,004 - src.config - WARNING - マージ後のデータが空です
2025-01-02 15:28:11,004 - src.config - WARNING - マージ後のデータが空です
2025-01-02 15:28:11,004 - src.config - WARNING - マージ後のデータが空です
2025-01-02 15:28:11,004 - src.config - WARNING - マージ後のデータが空です
2025-01-02 15:28:11,004 - src.config - WARNING - マージ後のデータが空です
2025-01-02 15:28:11,004 - src.config - WARNING - マージ後のデータが空です
2025-01-02 15:28:11,004 - src.config - WARNING - マージ後のデータが空です
2025-01-02 15:28:11,004 - src.config - WARNING - マージ後のデータが空です
2025-01-02 15:28:11,004 - src.config - WARNING - マージ後のデータが空です
2025-01-02 15:28:11,004 - src.config - WARNING - マージ後のデータが空です
2025-01-02 15:28:11,004 - src.config - WARNING - マージ後のデータが空です
2025-01-02 15:28:11,004 - src.config - WARNING - マージ後のデータが空です
2025-01-02 15:28:11,004 - src.config - WARNING - マージ後のデータが空です
2025-01-02 15:28:11,004 - src.config - WARNING - マージ後のデータが空です
2025-01-02 15:28:11,004 - src.config - WARNING - マージ後のデータが空です
2025-01-02 15:28:11,004 - src.config - WARNING - マージ後のデータが空です
2025-01-02 15:28:11,004 - src.config - WARNING - マージ後のデータが空です
2025-01-02 15:28:11,004 - src.config - WARNING - マージ後のデータが空です
2025-01-02 15:28:11,004 - src.config - WARNING - マージ後のデータが空です
2025-01-02 15:28:11,004 - src.config - WARNING - マージ後のデータが空です
2025-01-02 15:28:11,004 - src.config - WARNING - マージ後のデータが空です
2025-01-02 15:28:21,127 - src.config - WARNING - マージ後のデータが空です
2025-01-02 15:28:21,127 - src.config - WARNING - マージ後のデータが空です
2025-01-02 15:28:21,127 - src.config - WARNING - マージ後のデータが空です
2025-01-02 15:28:21,127 - src.config - WARNING - マージ後のデータが空です
2025-01-02 15:28:21,127 - src.config - WARNING - マージ後のデータが空です
2025-01-02 15:28:21,127 - src.config - WARNING - マージ後のデータが空です
2025-01-02 15:28:21,127 - src.config - WARNING - マージ後のデータが空です
2025-01-02 15:28:21,127 - src.config - WARNING - マージ後のデータが空です
2025-01-02 15:28:21,127 - src.config - WARNING - マージ後のデータが空です
2025-01-02 15:28:21,127 - src.config - WARNING - マージ後のデータが空です
2025-01-02 15:28:21,127 - src.config - WARNING - マージ後のデータが空です
2025-01-02 15:28:21,127 - src.config - WARNING - マージ後のデータが空です
2025-01-02 15:28:21,127 - src.config - WARNING - マージ後のデータが空です
2025-01-02 15:28:21,127 - src.config - WARNING - マージ後のデータが空です
2025-01-02 15:28:21,127 - src.config - WARNING - マージ後のデータが空です
2025-01-02 15:28:21,127 - src.config - WARNING - マージ後のデータが空です
2025-01-02 15:28:21,127 - src.config - WARNING - マージ後のデータが空です
2025-01-02 15:28:21,127 - src.config - WARNING - マージ後のデータが空です
2025-01-02 15:28:21,127 - src.config - WARNING - マージ後のデータが空です
2025-01-02 15:28:21,127 - src.config - WARNING - マージ後のデータが空です
2025-01-02 15:28:21,127 - src.config - WARNING - マージ後のデータが空です
2025-01-02 15:28:21,127 - src.config - WARNING - マージ後のデータが空です
2025-01-02 15:28:21,127 - src.config - WARNING - マージ後のデータが空です
2025-01-02 15:28:21,127 - src.config - WARNING - マージ後のデータが空です
2025-01-02 15:28:21,127 - src.config - WARNING - マージ後のデータが空です
2025-01-02 15:28:21,127 - src.config - WARNING - マージ後のデータが空です
2025-01-02 15:28:21,127 - src.config - WARNING - マージ後のデータが空です
2025-01-02 15:28:21,127 - src.config - WARNING - マージ後のデータが空です
2025-01-02 15:28:21,127 - src.config - WARNING - マージ後のデータが空です
2025-01-02 15:28:21,127 - src.config - WARNING - マージ後のデータが空です
2025-01-02 15:28:21,127 - src.config - WARNING - マージ後のデータが空です
2025-01-02 15:28:21,127 - src.config - WARNING - マージ後のデータが空です
2025-01-02 15:28:21,127 - src.config - WARNING - マージ後のデータが空です
2025-01-02 15:28:21,127 - src.config - WARNING - マージ後のデータが空です
2025-01-02 15:28:21,127 - src.config - WARNING - マージ後のデータが空です
2025-01-02 15:28:21,127 - src.config - WARNING - マージ後のデータが空です
2025-01-02 15:28:21,127 - src.config - WARNING - マージ後のデータが空です
2025-01-02 15:28:21,127 - src.config - WARNING - マージ後のデータが空です
2025-01-02 15:28:21,127 - src.config - WARNING - マージ後のデータが空です
2025-01-02 15:28:21,127 - src.config - WARNING - マージ後のデータが空です
2025-01-02 15:28:21,127 - src.config - WARNING - マージ後のデータが空です
2025-01-02 15:28:21,127 - src.config - WARNING - マージ後のデータが空です
2025-01-02 15:28:28,312 - src.config - WARNING - マージ後のデータが空です
2025-01-02 15:28:28,312 - src.config - WARNING - マージ後のデータが空です
2025-01-02 15:28:28,312 - src.config - WARNING - マージ後のデータが空です
2025-01-02 15:28:28,312 - src.config - WARNING - マージ後のデータが空です
2025-01-02 15:28:28,312 - src.config - WARNING - マージ後のデータが空です
2025-01-02 15:28:28,312 - src.config - WARNING - マージ後のデータが空です
2025-01-02 15:28:28,312 - src.config - WARNING - マージ後のデータが空です
2025-01-02 15:28:28,312 - src.config - WARNING - マージ後のデータが空です
2025-01-02 15:28:28,312 - src.config - WARNING - マージ後のデータが空です
2025-01-02 15:28:28,312 - src.config - WARNING - マージ後のデータが空です
2025-01-02 15:28:28,312 - src.config - WARNING - マージ後のデータが空です
2025-01-02 15:28:28,312 - src.config - WARNING - マージ後のデータが空です
2025-01-02 15:28:28,312 - src.config - WARNING - マージ後のデータが空です
2025-01-02 15:28:28,312 - src.config - WARNING - マージ後のデータが空です
2025-01-02 15:28:28,312 - src.config - WARNING - マージ後のデータが空です
2025-01-02 15:28:28,312 - src.config - WARNING - マージ後のデータが空です
2025-01-02 15:28:28,312 - src.config - WARNING - マージ後のデータが空です
2025-01-02 15:28:28,312 - src.config - WARNING - マージ後のデータが空です
2025-01-02 15:28:28,312 - src.config - WARNING - マージ後のデータが空です
2025-01-02 15:28:28,312 - src.config - WARNING - マージ後のデータが空です
2025-01-02 15:28:28,312 - src.config - WARNING - マージ後のデータが空です
2025-01-02 15:28:28,312 - src.config - WARNING - マージ後のデータが空です
2025-01-02 15:28:28,312 - src.config - WARNING - マージ後のデータが空です
2025-01-02 15:28:28,312 - src.config - WARNING - マージ後のデータが空です
2025-01-02 15:28:28,312 - src.config - WARNING - マージ後のデータが空です
2025-01-02 15:28:28,312 - src.config - WARNING - マージ後のデータが空です
2025-01-02 15:28:28,312 - src.config - WARNING - マージ後のデータが空です
2025-01-02 15:28:28,312 - src.config - WARNING - マージ後のデータが空です
2025-01-02 15:28:28,312 - src.config - WARNING - マージ後のデータが空です
2025-01-02 15:28:28,312 - src.config - WARNING - マージ後のデータが空です
2025-01-02 15:28:28,312 - src.config - WARNING - マージ後のデータが空です
2025-01-02 15:28:28,312 - src.config - WARNING - マージ後のデータが空です
2025-01-02 15:28:28,312 - src.config - WARNING - マージ後のデータが空です
2025-01-02 15:28:28,312 - src.config - WARNING - マージ後のデータが空です
2025-01-02 15:28:28,312 - src.config - WARNING - マージ後のデータが空です
2025-01-02 15:28:28,312 - src.config - WARNING - マージ後のデータが空です
2025-01-02 15:28:28,312 - src.config - WARNING - マージ後のデータが空です
2025-01-02 15:28:28,312 - src.config - WARNING - マージ後のデータが空です
2025-01-02 15:28:28,312 - src.config - WARNING - マージ後のデータが空です
2025-01-02 15:28:28,312 - src.config - WARNING - マージ後のデータが空です
2025-01-02 15:28:28,312 - src.config - WARNING - マージ後のデータが空です
2025-01-02 15:28:28,312 - src.config - WARNING - マージ後のデータが空です
2025-01-02 15:28:28,312 - src.config - WARNING - マージ後のデータが空です
2025-01-02 15:28:35,962 - src.config - WARNING - マージ後のデータが空です
2025-01-02 15:28:35,962 - src.config - WARNING - マージ後のデータが空です
2025-01-02 15:28:35,962 - src.config - WARNING - マージ後のデータが空です
2025-01-02 15:28:35,962 - src.config - WARNING - マージ後のデータが空です
2025-01-02 15:28:35,962 - src.config - WARNING - マージ後のデータが空です
2025-01-02 15:28:35,962 - src.config - WARNING - マージ後のデータが空です
2025-01-02 15:28:35,962 - src.config - WARNING - マージ後のデータが空です
2025-01-02 15:28:35,962 - src.config - WARNING - マージ後のデータが空です
2025-01-02 15:28:35,962 - src.config - WARNING - マージ後のデータが空です
2025-01-02 15:28:35,962 - src.config - WARNING - マージ後のデータが空です
2025-01-02 15:28:35,962 - src.config - WARNING - マージ後のデータが空です
2025-01-02 15:28:35,962 - src.config - WARNING - マージ後のデータが空です
2025-01-02 15:28:35,962 - src.config - WARNING - マージ後のデータが空です
2025-01-02 15:28:35,962 - src.config - WARNING - マージ後のデータが空です
2025-01-02 15:28:35,962 - src.config - WARNING - マージ後のデータが空です
2025-01-02 15:28:35,962 - src.config - WARNING - マージ後のデータが空です
2025-01-02 15:28:35,962 - src.config - WARNING - マージ後のデータが空です
2025-01-02 15:28:35,962 - src.config - WARNING - マージ後のデータが空です
2025-01-02 15:28:35,962 - src.config - WARNING - マージ後のデータが空です
2025-01-02 15:28:35,962 - src.config - WARNING - マージ後のデータが空です
2025-01-02 15:28:35,962 - src.config - WARNING - マージ後のデータが空です
2025-01-02 15:28:35,962 - src.config - WARNING - マージ後のデータが空です
2025-01-02 15:28:35,962 - src.config - WARNING - マージ後のデータが空です
2025-01-02 15:28:35,962 - src.config - WARNING - マージ後のデータが空です
2025-01-02 15:28:35,962 - src.config - WARNING - マージ後のデータが空です
2025-01-02 15:28:35,962 - src.config - WARNING - マージ後のデータが空です
2025-01-02 15:28:35,962 - src.config - WARNING - マージ後のデータが空です
2025-01-02 15:28:35,962 - src.config - WARNING - マージ後のデータが空です
2025-01-02 15:28:35,962 - src.config - WARNING - マージ後のデータが空です
2025-01-02 15:28:35,962 - src.config - WARNING - マージ後のデータが空です
2025-01-02 15:28:35,962 - src.config - WARNING - マージ後のデータが空です
2025-01-02 15:28:35,962 - src.config - WARNING - マージ後のデータが空です
2025-01-02 15:28:35,962 - src.config - WARNING - マージ後のデータが空です
2025-01-02 15:28:35,962 - src.config - WARNING - マージ後のデータが空です
2025-01-02 15:28:35,962 - src.config - WARNING - マージ後のデータが空です
2025-01-02 15:28:35,962 - src.config - WARNING - マージ後のデータが空です
2025-01-02 15:28:35,962 - src.config - WARNING - マージ後のデータが空です
2025-01-02 15:28:35,962 - src.config - WARNING - マージ後のデータが空です
2025-01-02 15:28:35,962 - src.config - WARNING - マージ後のデータが空です
2025-01-02 15:28:35,962 - src.config - WARNING - マージ後のデータが空です
2025-01-02 15:28:35,962 - src.config - WARNING - マージ後のデータが空です
2025-01-02 15:28:35,962 - src.config - WARNING - マージ後のデータが空です
2025-01-02 15:28:35,962 - src.config - WARNING - マージ後のデータが空です
2025-01-02 15:28:35,962 - src.config - WARNING - マージ後のデータが空です
2025-01-02 15:28:42,696 - src.config - WARNING - マージ後のデータが空です
2025-01-02 15:28:42,696 - src.config - WARNING - マージ後のデータが空です
2025-01-02 15:28:42,696 - src.config - WARNING - マージ後のデータが空です
2025-01-02 15:28:42,696 - src.config - WARNING - マージ後のデータが空です
2025-01-02 15:28:42,696 - src.config - WARNING - マージ後のデータが空です
2025-01-02 15:28:42,696 - src.config - WARNING - マージ後のデータが空です
2025-01-02 15:28:42,696 - src.config - WARNING - マージ後のデータが空です
2025-01-02 15:28:42,696 - src.config - WARNING - マージ後のデータが空です
2025-01-02 15:28:42,696 - src.config - WARNING - マージ後のデータが空です
2025-01-02 15:28:42,696 - src.config - WARNING - マージ後のデータが空です
2025-01-02 15:28:42,696 - src.config - WARNING - マージ後のデータが空です
2025-01-02 15:28:42,696 - src.config - WARNING - マージ後のデータが空です
2025-01-02 15:28:42,696 - src.config - WARNING - マージ後のデータが空です
2025-01-02 15:28:42,696 - src.config - WARNING - マージ後のデータが空です
2025-01-02 15:28:42,696 - src.config - WARNING - マージ後のデータが空です
2025-01-02 15:28:42,696 - src.config - WARNING - マージ後のデータが空です
2025-01-02 15:28:42,696 - src.config - WARNING - マージ後のデータが空です
2025-01-02 15:28:42,696 - src.config - WARNING - マージ後のデータが空です
2025-01-02 15:28:42,696 - src.config - WARNING - マージ後のデータが空です
2025-01-02 15:28:42,696 - src.config - WARNING - マージ後のデータが空です
2025-01-02 15:28:42,696 - src.config - WARNING - マージ後のデータが空です
2025-01-02 15:28:42,696 - src.config - WARNING - マージ後のデータが空です
2025-01-02 15:28:42,696 - src.config - WARNING - マージ後のデータが空です
2025-01-02 15:28:42,696 - src.config - WARNING - マージ後のデータが空です
2025-01-02 15:28:42,696 - src.config - WARNING - マージ後のデータが空です
2025-01-02 15:28:42,696 - src.config - WARNING - マージ後のデータが空です
2025-01-02 15:28:42,696 - src.config - WARNING - マージ後のデータが空です
2025-01-02 15:28:42,696 - src.config - WARNING - マージ後のデータが空です
2025-01-02 15:28:42,696 - src.config - WARNING - マージ後のデータが空です
2025-01-02 15:28:42,696 - src.config - WARNING - マージ後のデータが空です
2025-01-02 15:28:42,696 - src.config - WARNING - マージ後のデータが空です
2025-01-02 15:28:42,696 - src.config - WARNING - マージ後のデータが空です
2025-01-02 15:28:42,696 - src.config - WARNING - マージ後のデータが空です
2025-01-02 15:28:42,696 - src.config - WARNING - マージ後のデータが空です
2025-01-02 15:28:42,696 - src.config - WARNING - マージ後のデータが空です
2025-01-02 15:28:42,696 - src.config - WARNING - マージ後のデータが空です
2025-01-02 15:28:42,696 - src.config - WARNING - マージ後のデータが空です
2025-01-02 15:28:42,696 - src.config - WARNING - マージ後のデータが空です
2025-01-02 15:28:42,696 - src.config - WARNING - マージ後のデータが空です
2025-01-02 15:28:42,696 - src.config - WARNING - マージ後のデータが空です
2025-01-02 15:28:42,696 - src.config - WARNING - マージ後のデータが空です
2025-01-02 15:28:42,696 - src.config - WARNING - マージ後のデータが空です
2025-01-02 15:28:42,696 - src.config - WARNING - マージ後のデータが空です
2025-01-02 15:28:42,696 - src.config - WARNING - マージ後のデータが空です
2025-01-02 15:28:42,696 - src.config - WARNING - マージ後のデータが空です
2025-01-02 15:44:12,472 - src.config - WARNING - マージ後のデータが空です
2025-01-02 15:44:12,472 - src.config - WARNING - マージ後のデータが空です
2025-01-02 15:44:12,472 - src.config - WARNING - マージ後のデータが空です
2025-01-02 15:44:12,472 - src.config - WARNING - マージ後のデータが空です
2025-01-02 15:44:12,472 - src.config - WARNING - マージ後のデータが空です
2025-01-02 15:44:12,472 - src.config - WARNING - マージ後のデータが空です
2025-01-02 15:44:12,472 - src.config - WARNING - マージ後のデータが空です
2025-01-02 15:44:12,472 - src.config - WARNING - マージ後のデータが空です
2025-01-02 15:44:12,472 - src.config - WARNING - マージ後のデータが空です
2025-01-02 15:44:12,472 - src.config - WARNING - マージ後のデータが空です
2025-01-02 15:44:12,472 - src.config - WARNING - マージ後のデータが空です
2025-01-02 15:44:12,472 - src.config - WARNING - マージ後のデータが空です
2025-01-02 15:44:12,472 - src.config - WARNING - マージ後のデータが空です
2025-01-02 15:44:12,472 - src.config - WARNING - マージ後のデータが空です
2025-01-02 15:44:12,472 - src.config - WARNING - マージ後のデータが空です
2025-01-02 15:44:12,472 - src.config - WARNING - マージ後のデータが空です
2025-01-02 15:44:12,472 - src.config - WARNING - マージ後のデータが空です
2025-01-02 15:44:12,472 - src.config - WARNING - マージ後のデータが空です
2025-01-02 15:44:12,472 - src.config - WARNING - マージ後のデータが空です
2025-01-02 15:44:12,472 - src.config - WARNING - マージ後のデータが空です
2025-01-02 15:44:12,472 - src.config - WARNING - マージ後のデータが空です
2025-01-02 15:44:12,472 - src.config - WARNING - マージ後のデータが空です
2025-01-02 15:44:12,472 - src.config - WARNING - マージ後のデータが空です
2025-01-02 15:44:12,472 - src.config - WARNING - マージ後のデータが空です
2025-01-02 15:44:12,472 - src.config - WARNING - マージ後のデータが空です
2025-01-02 15:44:12,472 - src.config - WARNING - マージ後のデータが空です
2025-01-02 15:44:12,472 - src.config - WARNING - マージ後のデータが空です
2025-01-02 15:44:12,472 - src.config - WARNING - マージ後のデータが空です
2025-01-02 15:44:12,472 - src.config - WARNING - マージ後のデータが空です
2025-01-02 15:44:12,472 - src.config - WARNING - マージ後のデータが空です
2025-01-02 15:44:12,472 - src.config - WARNING - マージ後のデータが空です
2025-01-02 15:44:12,472 - src.config - WARNING - マージ後のデータが空です
2025-01-02 15:44:12,472 - src.config - WARNING - マージ後のデータが空です
2025-01-02 15:44:12,472 - src.config - WARNING - マージ後のデータが空です
2025-01-02 15:44:12,472 - src.config - WARNING - マージ後のデータが空です
2025-01-02 15:44:12,472 - src.config - WARNING - マージ後のデータが空です
2025-01-02 15:44:12,472 - src.config - WARNING - マージ後のデータが空です
2025-01-02 15:44:12,472 - src.config - WARNING - マージ後のデータが空です
2025-01-02 15:44:12,472 - src.config - WARNING - マージ後のデータが空です
2025-01-02 15:44:12,472 - src.config - WARNING - マージ後のデータが空です
2025-01-02 15:44:12,472 - src.config - WARNING - マージ後のデータが空です
2025-01-02 15:44:12,472 - src.config - WARNING - マージ後のデータが空です
2025-01-02 15:44:12,472 - src.config - WARNING - マージ後のデータが空です
2025-01-02 15:44:12,472 - src.config - WARNING - マージ後のデータが空です
2025-01-02 15:44:12,472 - src.config - WARNING - マージ後のデータが空です
2025-01-02 15:44:12,472 - src.config - WARNING - マージ後のデータが空です
2025-01-02 15:44:33,137 - src.config - WARNING - マージ後のデータが空です
2025-01-02 15:44:33,137 - src.config - WARNING - マージ後のデータが空です
2025-01-02 15:44:33,137 - src.config - WARNING - マージ後のデータが空です
2025-01-02 15:44:33,137 - src.config - WARNING - マージ後のデータが空です
2025-01-02 15:44:33,137 - src.config - WARNING - マージ後のデータが空です
2025-01-02 15:44:33,137 - src.config - WARNING - マージ後のデータが空です
2025-01-02 15:44:33,137 - src.config - WARNING - マージ後のデータが空です
2025-01-02 15:44:33,137 - src.config - WARNING - マージ後のデータが空です
2025-01-02 15:44:33,137 - src.config - WARNING - マージ後のデータが空です
2025-01-02 15:44:33,137 - src.config - WARNING - マージ後のデータが空です
2025-01-02 15:44:33,137 - src.config - WARNING - マージ後のデータが空です
2025-01-02 15:44:33,137 - src.config - WARNING - マージ後のデータが空です
2025-01-02 15:44:33,137 - src.config - WARNING - マージ後のデータが空です
2025-01-02 15:44:33,137 - src.config - WARNING - マージ後のデータが空です
2025-01-02 15:44:33,137 - src.config - WARNING - マージ後のデータが空です
2025-01-02 15:44:33,137 - src.config - WARNING - マージ後のデータが空です
2025-01-02 15:44:33,137 - src.config - WARNING - マージ後のデータが空です
2025-01-02 15:44:33,137 - src.config - WARNING - マージ後のデータが空です
2025-01-02 15:44:33,137 - src.config - WARNING - マージ後のデータが空です
2025-01-02 15:44:33,137 - src.config - WARNING - マージ後のデータが空です
2025-01-02 15:44:33,137 - src.config - WARNING - マージ後のデータが空です
2025-01-02 15:44:33,137 - src.config - WARNING - マージ後のデータが空です
2025-01-02 15:44:33,137 - src.config - WARNING - マージ後のデータが空です
2025-01-02 15:44:33,137 - src.config - WARNING - マージ後のデータが空です
2025-01-02 15:44:33,137 - src.config - WARNING - マージ後のデータが空です
2025-01-02 15:44:33,137 - src.config - WARNING - マージ後のデータが空です
2025-01-02 15:44:33,137 - src.config - WARNING - マージ後のデータが空です
2025-01-02 15:44:33,137 - src.config - WARNING - マージ後のデータが空です
2025-01-02 15:44:33,137 - src.config - WARNING - マージ後のデータが空です
2025-01-02 15:44:33,137 - src.config - WARNING - マージ後のデータが空です
2025-01-02 15:44:33,137 - src.config - WARNING - マージ後のデータが空です
2025-01-02 15:44:33,137 - src.config - WARNING - マージ後のデータが空です
2025-01-02 15:44:33,137 - src.config - WARNING - マージ後のデータが空です
2025-01-02 15:44:33,137 - src.config - WARNING - マージ後のデータが空です
2025-01-02 15:44:33,137 - src.config - WARNING - マージ後のデータが空です
2025-01-02 15:44:33,137 - src.config - WARNING - マージ後のデータが空です
2025-01-02 15:44:33,137 - src.config - WARNING - マージ後のデータが空です
2025-01-02 15:44:33,137 - src.config - WARNING - マージ後のデータが空です
2025-01-02 15:44:33,137 - src.config - WARNING - マージ後のデータが空です
2025-01-02 15:44:33,137 - src.config - WARNING - マージ後のデータが空です
2025-01-02 15:44:33,137 - src.config - WARNING - マージ後のデータが空です
2025-01-02 15:44:33,137 - src.config - WARNING - マージ後のデータが空です
2025-01-02 15:44:33,137 - src.config - WARNING - マージ後のデータが空です
2025-01-02 15:44:33,137 - src.config - WARNING - マージ後のデータが空です
2025-01-02 15:44:33,137 - src.config - WARNING - マージ後のデータが空です
2025-01-02 15:44:33,137 - src.config - WARNING - マージ後のデータが空です
2025-01-02 15:44:33,137 - src.config - WARNING - マージ後のデータが空です
2025-01-02 15:44:39,442 - src.config - WARNING - マージ後のデータが空です
2025-01-02 15:44:39,442 - src.config - WARNING - マージ後のデータが空です
2025-01-02 15:44:39,442 - src.config - WARNING - マージ後のデータが空です
2025-01-02 15:44:39,442 - src.config - WARNING - マージ後のデータが空です
2025-01-02 15:44:39,442 - src.config - WARNING - マージ後のデータが空です
2025-01-02 15:44:39,442 - src.config - WARNING - マージ後のデータが空です
2025-01-02 15:44:39,442 - src.config - WARNING - マージ後のデータが空です
2025-01-02 15:44:39,442 - src.config - WARNING - マージ後のデータが空です
2025-01-02 15:44:39,442 - src.config - WARNING - マージ後のデータが空です
2025-01-02 15:44:39,442 - src.config - WARNING - マージ後のデータが空です
2025-01-02 15:44:39,442 - src.config - WARNING - マージ後のデータが空です
2025-01-02 15:44:39,442 - src.config - WARNING - マージ後のデータが空です
2025-01-02 15:44:39,442 - src.config - WARNING - マージ後のデータが空です
2025-01-02 15:44:39,442 - src.config - WARNING - マージ後のデータが空です
2025-01-02 15:44:39,442 - src.config - WARNING - マージ後のデータが空です
2025-01-02 15:44:39,442 - src.config - WARNING - マージ後のデータが空です
2025-01-02 15:44:39,442 - src.config - WARNING - マージ後のデータが空です
2025-01-02 15:44:39,442 - src.config - WARNING - マージ後のデータが空です
2025-01-02 15:44:39,442 - src.config - WARNING - マージ後のデータが空です
2025-01-02 15:44:39,442 - src.config - WARNING - マージ後のデータが空です
2025-01-02 15:44:39,442 - src.config - WARNING - マージ後のデータが空です
2025-01-02 15:44:39,442 - src.config - WARNING - マージ後のデータが空です
2025-01-02 15:44:39,442 - src.config - WARNING - マージ後のデータが空です
2025-01-02 15:44:39,442 - src.config - WARNING - マージ後のデータが空です
2025-01-02 15:44:39,442 - src.config - WARNING - マージ後のデータが空です
2025-01-02 15:44:39,442 - src.config - WARNING - マージ後のデータが空です
2025-01-02 15:44:39,442 - src.config - WARNING - マージ後のデータが空です
2025-01-02 15:44:39,442 - src.config - WARNING - マージ後のデータが空です
2025-01-02 15:44:39,442 - src.config - WARNING - マージ後のデータが空です
2025-01-02 15:44:39,442 - src.config - WARNING - マージ後のデータが空です
2025-01-02 15:44:39,442 - src.config - WARNING - マージ後のデータが空です
2025-01-02 15:44:39,442 - src.config - WARNING - マージ後のデータが空です
2025-01-02 15:44:39,442 - src.config - WARNING - マージ後のデータが空です
2025-01-02 15:44:39,442 - src.config - WARNING - マージ後のデータが空です
2025-01-02 15:44:39,442 - src.config - WARNING - マージ後のデータが空です
2025-01-02 15:44:39,442 - src.config - WARNING - マージ後のデータが空です
2025-01-02 15:44:39,442 - src.config - WARNING - マージ後のデータが空です
2025-01-02 15:44:39,442 - src.config - WARNING - マージ後のデータが空です
2025-01-02 15:44:39,442 - src.config - WARNING - マージ後のデータが空です
2025-01-02 15:44:39,442 - src.config - WARNING - マージ後のデータが空です
2025-01-02 15:44:39,442 - src.config - WARNING - マージ後のデータが空です
2025-01-02 15:44:39,442 - src.config - WARNING - マージ後のデータが空です
2025-01-02 15:44:39,442 - src.config - WARNING - マージ後のデータが空です
2025-01-02 15:44:39,442 - src.config - WARNING - マージ後のデータが空です
2025-01-02 15:44:39,442 - src.config - WARNING - マージ後のデータが空です
2025-01-02 15:44:39,442 - src.config - WARNING - マージ後のデータが空です
2025-01-02 15:44:39,442 - src.config - WARNING - マージ後のデータが空です
2025-01-02 15:44:39,442 - src.config - WARNING - マージ後のデータが空です
2025-01-02 15:45:43,915 - src.config - WARNING - マージ後のデータが空です
2025-01-02 15:45:43,915 - src.config - WARNING - マージ後のデータが空です
2025-01-02 15:45:43,915 - src.config - WARNING - マージ後のデータが空です
2025-01-02 15:45:43,915 - src.config - WARNING - マージ後のデータが空です
2025-01-02 15:45:43,915 - src.config - WARNING - マージ後のデータが空です
2025-01-02 15:45:43,915 - src.config - WARNING - マージ後のデータが空です
2025-01-02 15:45:43,915 - src.config - WARNING - マージ後のデータが空です
2025-01-02 15:45:43,915 - src.config - WARNING - マージ後のデータが空です
2025-01-02 15:45:43,915 - src.config - WARNING - マージ後のデータが空です
2025-01-02 15:45:43,915 - src.config - WARNING - マージ後のデータが空です
2025-01-02 15:45:43,915 - src.config - WARNING - マージ後のデータが空です
2025-01-02 15:45:43,915 - src.config - WARNING - マージ後のデータが空です
2025-01-02 15:45:43,915 - src.config - WARNING - マージ後のデータが空です
2025-01-02 15:45:43,915 - src.config - WARNING - マージ後のデータが空です
2025-01-02 15:45:43,915 - src.config - WARNING - マージ後のデータが空です
2025-01-02 15:45:43,915 - src.config - WARNING - マージ後のデータが空です
2025-01-02 15:45:43,915 - src.config - WARNING - マージ後のデータが空です
2025-01-02 15:45:43,915 - src.config - WARNING - マージ後のデータが空です
2025-01-02 15:45:43,915 - src.config - WARNING - マージ後のデータが空です
2025-01-02 15:45:43,915 - src.config - WARNING - マージ後のデータが空です
2025-01-02 15:45:43,915 - src.config - WARNING - マージ後のデータが空です
2025-01-02 15:45:43,915 - src.config - WARNING - マージ後のデータが空です
2025-01-02 15:45:43,915 - src.config - WARNING - マージ後のデータが空です
2025-01-02 15:45:43,915 - src.config - WARNING - マージ後のデータが空です
2025-01-02 15:45:43,915 - src.config - WARNING - マージ後のデータが空です
2025-01-02 15:45:43,915 - src.config - WARNING - マージ後のデータが空です
2025-01-02 15:45:43,915 - src.config - WARNING - マージ後のデータが空です
2025-01-02 15:45:43,915 - src.config - WARNING - マージ後のデータが空です
2025-01-02 15:45:43,915 - src.config - WARNING - マージ後のデータが空です
2025-01-02 15:45:43,915 - src.config - WARNING - マージ後のデータが空です
2025-01-02 15:45:43,915 - src.config - WARNING - マージ後のデータが空です
2025-01-02 15:45:43,915 - src.config - WARNING - マージ後のデータが空です
2025-01-02 15:45:43,915 - src.config - WARNING - マージ後のデータが空です
2025-01-02 15:45:43,915 - src.config - WARNING - マージ後のデータが空です
2025-01-02 15:45:43,915 - src.config - WARNING - マージ後のデータが空です
2025-01-02 15:45:43,915 - src.config - WARNING - マージ後のデータが空です
2025-01-02 15:45:43,915 - src.config - WARNING - マージ後のデータが空です
2025-01-02 15:45:43,915 - src.config - WARNING - マージ後のデータが空です
2025-01-02 15:45:43,915 - src.config - WARNING - マージ後のデータが空です
2025-01-02 15:45:43,915 - src.config - WARNING - マージ後のデータが空です
2025-01-02 15:45:43,915 - src.config - WARNING - マージ後のデータが空です
2025-01-02 15:45:43,915 - src.config - WARNING - マージ後のデータが空です
2025-01-02 15:45:43,915 - src.config - WARNING - マージ後のデータが空です
2025-01-02 15:45:43,915 - src.config - WARNING - マージ後のデータが空です
2025-01-02 15:45:43,915 - src.config - WARNING - マージ後のデータが空です
2025-01-02 15:45:43,915 - src.config - WARNING - マージ後のデータが空です
2025-01-02 15:45:43,915 - src.config - WARNING - マージ後のデータが空です
2025-01-02 15:45:43,915 - src.config - WARNING - マージ後のデータが空です
2025-01-02 15:45:43,915 - src.config - WARNING - マージ後のデータが空です
2025-01-02 15:58:32,482 - src.config - WARNING - マージ後のデータが空です
2025-01-02 15:58:32,482 - src.config - WARNING - マージ後のデータが空です
2025-01-02 15:58:32,482 - src.config - WARNING - マージ後のデータが空です
2025-01-02 15:58:32,482 - src.config - WARNING - マージ後のデータが空です
2025-01-02 15:58:32,482 - src.config - WARNING - マージ後のデータが空です
2025-01-02 15:58:32,482 - src.config - WARNING - マージ後のデータが空です
2025-01-02 15:58:32,482 - src.config - WARNING - マージ後のデータが空です
2025-01-02 15:58:32,482 - src.config - WARNING - マージ後のデータが空です
2025-01-02 15:58:32,482 - src.config - WARNING - マージ後のデータが空です
2025-01-02 15:58:32,482 - src.config - WARNING - マージ後のデータが空です
2025-01-02 15:58:32,482 - src.config - WARNING - マージ後のデータが空です
2025-01-02 15:58:32,482 - src.config - WARNING - マージ後のデータが空です
2025-01-02 15:58:32,482 - src.config - WARNING - マージ後のデータが空です
2025-01-02 15:58:32,482 - src.config - WARNING - マージ後のデータが空です
2025-01-02 15:58:32,482 - src.config - WARNING - マージ後のデータが空です
2025-01-02 15:58:32,482 - src.config - WARNING - マージ後のデータが空です
2025-01-02 15:58:32,482 - src.config - WARNING - マージ後のデータが空です
2025-01-02 15:58:32,482 - src.config - WARNING - マージ後のデータが空です
2025-01-02 15:58:32,482 - src.config - WARNING - マージ後のデータが空です
2025-01-02 15:58:32,482 - src.config - WARNING - マージ後のデータが空です
2025-01-02 15:58:32,482 - src.config - WARNING - マージ後のデータが空です
2025-01-02 15:58:32,482 - src.config - WARNING - マージ後のデータが空です
2025-01-02 15:58:32,482 - src.config - WARNING - マージ後のデータが空です
2025-01-02 15:58:32,482 - src.config - WARNING - マージ後のデータが空です
2025-01-02 15:58:32,482 - src.config - WARNING - マージ後のデータが空です
2025-01-02 15:58:32,482 - src.config - WARNING - マージ後のデータが空です
2025-01-02 15:58:32,482 - src.config - WARNING - マージ後のデータが空です
2025-01-02 15:58:32,482 - src.config - WARNING - マージ後のデータが空です
2025-01-02 15:58:32,482 - src.config - WARNING - マージ後のデータが空です
2025-01-02 15:58:32,482 - src.config - WARNING - マージ後のデータが空です
2025-01-02 15:58:32,482 - src.config - WARNING - マージ後のデータが空です
2025-01-02 15:58:32,482 - src.config - WARNING - マージ後のデータが空です
2025-01-02 15:58:32,482 - src.config - WARNING - マージ後のデータが空です
2025-01-02 15:58:32,482 - src.config - WARNING - マージ後のデータが空です
2025-01-02 15:58:32,482 - src.config - WARNING - マージ後のデータが空です
2025-01-02 15:58:32,482 - src.config - WARNING - マージ後のデータが空です
2025-01-02 15:58:32,482 - src.config - WARNING - マージ後のデータが空です
2025-01-02 15:58:32,482 - src.config - WARNING - マージ後のデータが空です
2025-01-02 15:58:32,482 - src.config - WARNING - マージ後のデータが空です
2025-01-02 15:58:32,482 - src.config - WARNING - マージ後のデータが空です
2025-01-02 15:58:32,482 - src.config - WARNING - マージ後のデータが空です
2025-01-02 15:58:32,482 - src.config - WARNING - マージ後のデータが空です
2025-01-02 15:58:32,482 - src.config - WARNING - マージ後のデータが空です
2025-01-02 15:58:32,482 - src.config - WARNING - マージ後のデータが空です
2025-01-02 15:58:32,482 - src.config - WARNING - マージ後のデータが空です
2025-01-02 15:58:32,482 - src.config - WARNING - マージ後のデータが空です
2025-01-02 15:58:32,482 - src.config - WARNING - マージ後のデータが空です
2025-01-02 15:58:32,482 - src.config - WARNING - マージ後のデータが空です
2025-01-02 15:58:32,482 - src.config - WARNING - マージ後のデータが空です
2025-01-02 15:59:11,099 - src.config - WARNING - マージ後のデータが空です
2025-01-02 15:59:11,099 - src.config - WARNING - マージ後のデータが空です
2025-01-02 15:59:11,099 - src.config - WARNING - マージ後のデータが空です
2025-01-02 15:59:11,099 - src.config - WARNING - マージ後のデータが空です
2025-01-02 15:59:11,099 - src.config - WARNING - マージ後のデータが空です
2025-01-02 15:59:11,099 - src.config - WARNING - マージ後のデータが空です
2025-01-02 15:59:11,099 - src.config - WARNING - マージ後のデータが空です
2025-01-02 15:59:11,099 - src.config - WARNING - マージ後のデータが空です
2025-01-02 15:59:11,099 - src.config - WARNING - マージ後のデータが空です
2025-01-02 15:59:11,099 - src.config - WARNING - マージ後のデータが空です
2025-01-02 15:59:11,099 - src.config - WARNING - マージ後のデータが空です
2025-01-02 15:59:11,099 - src.config - WARNING - マージ後のデータが空です
2025-01-02 15:59:11,099 - src.config - WARNING - マージ後のデータが空です
2025-01-02 15:59:11,099 - src.config - WARNING - マージ後のデータが空です
2025-01-02 15:59:11,099 - src.config - WARNING - マージ後のデータが空です
2025-01-02 15:59:11,099 - src.config - WARNING - マージ後のデータが空です
2025-01-02 15:59:11,099 - src.config - WARNING - マージ後のデータが空です
2025-01-02 15:59:11,099 - src.config - WARNING - マージ後のデータが空です
2025-01-02 15:59:11,099 - src.config - WARNING - マージ後のデータが空です
2025-01-02 15:59:11,099 - src.config - WARNING - マージ後のデータが空です
2025-01-02 15:59:11,099 - src.config - WARNING - マージ後のデータが空です
2025-01-02 15:59:11,099 - src.config - WARNING - マージ後のデータが空です
2025-01-02 15:59:11,099 - src.config - WARNING - マージ後のデータが空です
2025-01-02 15:59:11,099 - src.config - WARNING - マージ後のデータが空です
2025-01-02 15:59:11,099 - src.config - WARNING - マージ後のデータが空です
2025-01-02 15:59:11,099 - src.config - WARNING - マージ後のデータが空です
2025-01-02 15:59:11,099 - src.config - WARNING - マージ後のデータが空です
2025-01-02 15:59:11,099 - src.config - WARNING - マージ後のデータが空です
2025-01-02 15:59:11,099 - src.config - WARNING - マージ後のデータが空です
2025-01-02 15:59:11,099 - src.config - WARNING - マージ後のデータが空です
2025-01-02 15:59:11,099 - src.config - WARNING - マージ後のデータが空です
2025-01-02 15:59:11,099 - src.config - WARNING - マージ後のデータが空です
2025-01-02 15:59:11,099 - src.config - WARNING - マージ後のデータが空です
2025-01-02 15:59:11,099 - src.config - WARNING - マージ後のデータが空です
2025-01-02 15:59:11,099 - src.config - WARNING - マージ後のデータが空です
2025-01-02 15:59:11,099 - src.config - WARNING - マージ後のデータが空です
2025-01-02 15:59:11,099 - src.config - WARNING - マージ後のデータが空です
2025-01-02 15:59:11,099 - src.config - WARNING - マージ後のデータが空です
2025-01-02 15:59:11,099 - src.config - WARNING - マージ後のデータが空です
2025-01-02 15:59:11,099 - src.config - WARNING - マージ後のデータが空です
2025-01-02 15:59:11,099 - src.config - WARNING - マージ後のデータが空です
2025-01-02 15:59:11,099 - src.config - WARNING - マージ後のデータが空です
2025-01-02 15:59:11,099 - src.config - WARNING - マージ後のデータが空です
2025-01-02 15:59:11,099 - src.config - WARNING - マージ後のデータが空です
2025-01-02 15:59:11,099 - src.config - WARNING - マージ後のデータが空です
2025-01-02 15:59:11,099 - src.config - WARNING - マージ後のデータが空です
2025-01-02 15:59:11,099 - src.config - WARNING - マージ後のデータが空です
2025-01-02 15:59:11,099 - src.config - WARNING - マージ後のデータが空です
2025-01-02 15:59:11,099 - src.config - WARNING - マージ後のデータが空です
2025-01-02 16:08:41,003 - src.config - WARNING - マージ後のデータが空です
2025-01-02 16:08:41,003 - src.config - WARNING - マージ後のデータが空です
2025-01-02 16:08:41,003 - src.config - WARNING - マージ後のデータが空です
2025-01-02 16:08:41,003 - src.config - WARNING - マージ後のデータが空です
2025-01-02 16:08:41,003 - src.config - WARNING - マージ後のデータが空です
2025-01-02 16:08:41,003 - src.config - WARNING - マージ後のデータが空です
2025-01-02 16:08:41,003 - src.config - WARNING - マージ後のデータが空です
2025-01-02 16:08:41,003 - src.config - WARNING - マージ後のデータが空です
2025-01-02 16:08:41,003 - src.config - WARNING - マージ後のデータが空です
2025-01-02 16:08:41,003 - src.config - WARNING - マージ後のデータが空です
2025-01-02 16:08:41,003 - src.config - WARNING - マージ後のデータが空です
2025-01-02 16:08:41,003 - src.config - WARNING - マージ後のデータが空です
2025-01-02 16:08:41,003 - src.config - WARNING - マージ後のデータが空です
2025-01-02 16:08:41,003 - src.config - WARNING - マージ後のデータが空です
2025-01-02 16:08:41,003 - src.config - WARNING - マージ後のデータが空です
2025-01-02 16:08:41,003 - src.config - WARNING - マージ後のデータが空です
2025-01-02 16:08:41,003 - src.config - WARNING - マージ後のデータが空です
2025-01-02 16:08:41,003 - src.config - WARNING - マージ後のデータが空です
2025-01-02 16:08:41,003 - src.config - WARNING - マージ後のデータが空です
2025-01-02 16:08:41,003 - src.config - WARNING - マージ後のデータが空です
2025-01-02 16:08:41,003 - src.config - WARNING - マージ後のデータが空です
2025-01-02 16:08:41,003 - src.config - WARNING - マージ後のデータが空です
2025-01-02 16:08:41,003 - src.config - WARNING - マージ後のデータが空です
2025-01-02 16:08:41,003 - src.config - WARNING - マージ後のデータが空です
2025-01-02 16:08:41,003 - src.config - WARNING - マージ後のデータが空です
2025-01-02 16:08:41,003 - src.config - WARNING - マージ後のデータが空です
2025-01-02 16:08:41,003 - src.config - WARNING - マージ後のデータが空です
2025-01-02 16:08:41,003 - src.config - WARNING - マージ後のデータが空です
2025-01-02 16:08:41,003 - src.config - WARNING - マージ後のデータが空です
2025-01-02 16:08:41,003 - src.config - WARNING - マージ後のデータが空です
2025-01-02 16:08:41,003 - src.config - WARNING - マージ後のデータが空です
2025-01-02 16:08:41,003 - src.config - WARNING - マージ後のデータが空です
2025-01-02 16:08:41,003 - src.config - WARNING - マージ後のデータが空です
2025-01-02 16:08:41,003 - src.config - WARNING - マージ後のデータが空です
2025-01-02 16:08:41,003 - src.config - WARNING - マージ後のデータが空です
2025-01-02 16:08:41,003 - src.config - WARNING - マージ後のデータが空です
2025-01-02 16:08:41,003 - src.config - WARNING - マージ後のデータが空です
2025-01-02 16:08:41,003 - src.config - WARNING - マージ後のデータが空です
2025-01-02 16:08:41,003 - src.config - WARNING - マージ後のデータが空です
2025-01-02 16:08:41,003 - src.config - WARNING - マージ後のデータが空です
2025-01-02 16:08:41,003 - src.config - WARNING - マージ後のデータが空です
2025-01-02 16:08:41,003 - src.config - WARNING - マージ後のデータが空です
2025-01-02 16:08:41,003 - src.config - WARNING - マージ後のデータが空です
2025-01-02 16:08:41,003 - src.config - WARNING - マージ後のデータが空です
2025-01-02 16:08:41,003 - src.config - WARNING - マージ後のデータが空です
2025-01-02 16:08:41,003 - src.config - WARNING - マージ後のデータが空です
2025-01-02 16:08:41,003 - src.config - WARNING - マージ後のデータが空です
2025-01-02 16:08:41,003 - src.config - WARNING - マージ後のデータが空です
2025-01-02 16:08:41,003 - src.config - WARNING - マージ後のデータが空です
2025-01-02 16:26:09,268 - src.config - WARNING - マージ後のデータが空です
2025-01-02 16:26:09,268 - src.config - WARNING - マージ後のデータが空です
2025-01-02 16:26:09,268 - src.config - WARNING - マージ後のデータが空です
2025-01-02 16:26:09,268 - src.config - WARNING - マージ後のデータが空です
2025-01-02 16:26:09,268 - src.config - WARNING - マージ後のデータが空です
2025-01-02 16:26:09,268 - src.config - WARNING - マージ後のデータが空です
2025-01-02 16:26:09,268 - src.config - WARNING - マージ後のデータが空です
2025-01-02 16:26:09,268 - src.config - WARNING - マージ後のデータが空です
2025-01-02 16:26:09,268 - src.config - WARNING - マージ後のデータが空です
2025-01-02 16:26:09,268 - src.config - WARNING - マージ後のデータが空です
2025-01-02 16:26:09,268 - src.config - WARNING - マージ後のデータが空です
2025-01-02 16:26:09,268 - src.config - WARNING - マージ後のデータが空です
2025-01-02 16:26:09,268 - src.config - WARNING - マージ後のデータが空です
2025-01-02 16:26:09,268 - src.config - WARNING - マージ後のデータが空です
2025-01-02 16:26:09,268 - src.config - WARNING - マージ後のデータが空です
2025-01-02 16:26:09,268 - src.config - WARNING - マージ後のデータが空です
2025-01-02 16:26:09,268 - src.config - WARNING - マージ後のデータが空です
2025-01-02 16:26:09,268 - src.config - WARNING - マージ後のデータが空です
2025-01-02 16:26:09,268 - src.config - WARNING - マージ後のデータが空です
2025-01-02 16:26:09,268 - src.config - WARNING - マージ後のデータが空です
2025-01-02 16:26:09,268 - src.config - WARNING - マージ後のデータが空です
2025-01-02 16:26:09,268 - src.config - WARNING - マージ後のデータが空です
2025-01-02 16:26:09,268 - src.config - WARNING - マージ後のデータが空です
2025-01-02 16:26:09,268 - src.config - WARNING - マージ後のデータが空です
2025-01-02 16:26:09,268 - src.config - WARNING - マージ後のデータが空です
2025-01-02 16:26:09,268 - src.config - WARNING - マージ後のデータが空です
2025-01-02 16:26:09,268 - src.config - WARNING - マージ後のデータが空です
2025-01-02 16:26:09,268 - src.config - WARNING - マージ後のデータが空です
2025-01-02 16:26:09,268 - src.config - WARNING - マージ後のデータが空です
2025-01-02 16:26:09,268 - src.config - WARNING - マージ後のデータが空です
2025-01-02 16:26:09,268 - src.config - WARNING - マージ後のデータが空です
2025-01-02 16:26:09,268 - src.config - WARNING - マージ後のデータが空です
2025-01-02 16:26:09,268 - src.config - WARNING - マージ後のデータが空です
2025-01-02 16:26:09,268 - src.config - WARNING - マージ後のデータが空です
2025-01-02 16:26:09,268 - src.config - WARNING - マージ後のデータが空です
2025-01-02 16:26:09,268 - src.config - WARNING - マージ後のデータが空です
2025-01-02 16:26:09,268 - src.config - WARNING - マージ後のデータが空です
2025-01-02 16:26:09,268 - src.config - WARNING - マージ後のデータが空です
2025-01-02 16:26:09,268 - src.config - WARNING - マージ後のデータが空です
2025-01-02 16:26:09,268 - src.config - WARNING - マージ後のデータが空です
2025-01-02 16:26:09,268 - src.config - WARNING - マージ後のデータが空です
2025-01-02 16:26:09,268 - src.config - WARNING - マージ後のデータが空です
2025-01-02 16:26:09,268 - src.config - WARNING - マージ後のデータが空です
2025-01-02 16:26:09,268 - src.config - WARNING - マージ後のデータが空です
2025-01-02 16:26:09,268 - src.config - WARNING - マージ後のデータが空です
2025-01-02 16:26:09,268 - src.config - WARNING - マージ後のデータが空です
2025-01-02 16:26:09,268 - src.config - WARNING - マージ後のデータが空です
2025-01-02 16:26:09,268 - src.config - WARNING - マージ後のデータが空です
2025-01-02 16:26:09,268 - src.config - WARNING - マージ後のデータが空です
2025-01-02 16:37:56,504 - src.config - WARNING - マージ後のデータが空です
2025-01-02 16:37:56,504 - src.config - WARNING - マージ後のデータが空です
2025-01-02 16:37:56,504 - src.config - WARNING - マージ後のデータが空です
2025-01-02 16:37:56,504 - src.config - WARNING - マージ後のデータが空です
2025-01-02 16:37:56,504 - src.config - WARNING - マージ後のデータが空です
2025-01-02 16:37:56,504 - src.config - WARNING - マージ後のデータが空です
2025-01-02 16:37:56,504 - src.config - WARNING - マージ後のデータが空です
2025-01-02 16:37:56,504 - src.config - WARNING - マージ後のデータが空です
2025-01-02 16:37:56,504 - src.config - WARNING - マージ後のデータが空です
2025-01-02 16:37:56,504 - src.config - WARNING - マージ後のデータが空です
2025-01-02 16:37:56,504 - src.config - WARNING - マージ後のデータが空です
2025-01-02 16:37:56,504 - src.config - WARNING - マージ後のデータが空です
2025-01-02 16:37:56,504 - src.config - WARNING - マージ後のデータが空です
2025-01-02 16:37:56,504 - src.config - WARNING - マージ後のデータが空です
2025-01-02 16:37:56,504 - src.config - WARNING - マージ後のデータが空です
2025-01-02 16:37:56,504 - src.config - WARNING - マージ後のデータが空です
2025-01-02 16:37:56,504 - src.config - WARNING - マージ後のデータが空です
2025-01-02 16:37:56,504 - src.config - WARNING - マージ後のデータが空です
2025-01-02 16:37:56,504 - src.config - WARNING - マージ後のデータが空です
2025-01-02 16:37:56,504 - src.config - WARNING - マージ後のデータが空です
2025-01-02 16:37:56,504 - src.config - WARNING - マージ後のデータが空です
2025-01-02 16:37:56,504 - src.config - WARNING - マージ後のデータが空です
2025-01-02 16:37:56,504 - src.config - WARNING - マージ後のデータが空です
2025-01-02 16:37:56,504 - src.config - WARNING - マージ後のデータが空です
2025-01-02 16:37:56,504 - src.config - WARNING - マージ後のデータが空です
2025-01-02 16:37:56,504 - src.config - WARNING - マージ後のデータが空です
2025-01-02 16:37:56,504 - src.config - WARNING - マージ後のデータが空です
2025-01-02 16:37:56,504 - src.config - WARNING - マージ後のデータが空です
2025-01-02 16:37:56,504 - src.config - WARNING - マージ後のデータが空です
2025-01-02 16:37:56,504 - src.config - WARNING - マージ後のデータが空です
2025-01-02 16:37:56,504 - src.config - WARNING - マージ後のデータが空です
2025-01-02 16:37:56,504 - src.config - WARNING - マージ後のデータが空です
2025-01-02 16:37:56,504 - src.config - WARNING - マージ後のデータが空です
2025-01-02 16:37:56,504 - src.config - WARNING - マージ後のデータが空です
2025-01-02 16:37:56,504 - src.config - WARNING - マージ後のデータが空です
2025-01-02 16:37:56,504 - src.config - WARNING - マージ後のデータが空です
2025-01-02 16:37:56,504 - src.config - WARNING - マージ後のデータが空です
2025-01-02 16:37:56,504 - src.config - WARNING - マージ後のデータが空です
2025-01-02 16:37:56,504 - src.config - WARNING - マージ後のデータが空です
2025-01-02 16:37:56,504 - src.config - WARNING - マージ後のデータが空です
2025-01-02 16:37:56,504 - src.config - WARNING - マージ後のデータが空です
2025-01-02 16:37:56,504 - src.config - WARNING - マージ後のデータが空です
2025-01-02 16:37:56,504 - src.config - WARNING - マージ後のデータが空です
2025-01-02 16:37:56,504 - src.config - WARNING - マージ後のデータが空です
2025-01-02 16:37:56,504 - src.config - WARNING - マージ後のデータが空です
2025-01-02 16:37:56,504 - src.config - WARNING - マージ後のデータが空です
2025-01-02 16:37:56,504 - src.config - WARNING - マージ後のデータが空です
2025-01-02 16:37:56,504 - src.config - WARNING - マージ後のデータが空です
2025-01-02 16:37:56,504 - src.config - WARNING - マージ後のデータが空です
